sample_id,run_id,concept_id,prompt_id,generation_seed,generation_mode,checkpoint_step,rank,data_size,dino_subject_similarity,clip_prompt_similarity,lpips_diversity_optional,valid,invalid_reason
blue_white_vase_n10_r16_ts42__adapter__p01__gs11,blue_white_vase_n10_r16_ts42,blue_white_vase,p01,11,adapter,,16,10,,,,False,DINO: generated image does not exist: /home/adminbum/Deepfinal/artifacts/blue_white_vase_n10_r16_ts42/generations/evaluation/adapter/blue_white_vase_n10_r16_ts42__p01__gs11.png; CLIP: generated image does not exist: /home/adminbum/Deepfinal/artifacts/blue_white_vase_n10_r16_ts42/generations/evaluation/adapter/blue_white_vase_n10_r16_ts42__p01__gs11.png
blue_white_vase_n10_r16_ts42__adapter__p01__gs22,blue_white_vase_n10_r16_ts42,blue_white_vase,p01,22,adapter,,16,10,,,,False,DINO: generated image does not exist: /home/adminbum/Deepfinal/artifacts/blue_white_vase_n10_r16_ts42/generations/evaluation/adapter/blue_white_vase_n10_r16_ts42__p01__gs22.png; CLIP: generated image does not exist: /home/adminbum/Deepfinal/artifacts/blue_white_vase_n10_r16_ts42/generations/evaluation/adapter/blue_white_vase_n10_r16_ts42__p01__gs22.png
blue_white_vase_n10_r16_ts42__adapter__p01__gs33,blue_white_vase_n10_r16_ts42,blue_white_vase,p01,33,adapter,,16,10,,,,False,DINO: generated image does not exist: /home/adminbum/Deepfinal/artifacts/blue_white_vase_n10_r16_ts42/generations/evaluation/adapter/blue_white_vase_n10_r16_ts42__p01__gs33.png; CLIP: generated image does not exist: /home/adminbum/Deepfinal/artifacts/blue_white_vase_n10_r16_ts42/generations/evaluation/adapter/blue_white_vase_n10_r16_ts42__p01__gs33.png
blue_white_vase_n10_r16_ts42__adapter__p01__gs44,blue_white_vase_n10_r16_ts42,blue_white_vase,p01,44,adapter,,16,10,,,,False,DINO: generated image does not exist: /home/adminbum/Deepfinal/artifacts/blue_white_vase_n10_r16_ts42/generations/evaluation/adapter/blue_white_vase_n10_r16_ts42__p01__gs44.png; CLIP: generated image does not exist: /home/adminbum/Deepfinal/artifacts/blue_white_vase_n10_r16_ts42/generations/evaluation/adapter/blue_white_vase_n10_r16_ts42__p01__gs44.png
blue_white_vase_n10_r16_ts42__adapter__p02__gs11,blue_white_vase_n10_r16_ts42,blue_white_vase,p02,11,adapter,,16,10,,,,False,DINO: generated image does not exist: /home/adminbum/Deepfinal/artifacts/blue_white_vase_n10_r16_ts42/generations/evaluation/adapter/blue_white_vase_n10_r16_ts42__p02__gs11.png; CLIP: generated image does not exist: /home/adminbum/Deepfinal/artifacts/blue_white_vase_n10_r16_ts42/generations/evaluation/adapter/blue_white_vase_n10_r16_ts42__p02__gs11.png
blue_white_vase_n10_r16_ts42__adapter__p02__gs22,blue_white_vase_n10_r16_ts42,blue_white_vase,p02,22,adapter,,16,10,,,,False,DINO: generated image does not exist: /home/adminbum/Deepfinal/artifacts/blue_white_vase_n10_r16_ts42/generations/evaluation/adapter/blue_white_vase_n10_r16_ts42__p02__gs22.png; CLIP: generated image does not exist: /home/adminbum/Deepfinal/artifacts/blue_white_vase_n10_r16_ts42/generations/evaluation/adapter/blue_white_vase_n10_r16_ts42__p02__gs22.png
blue_white_vase_n10_r16_ts42__adapter__p02__gs33,blue_white_vase_n10_r16_ts42,blue_white_vase,p02,33,adapter,,16,10,,,,False,DINO: generated image does not exist: /home/adminbum/Deepfinal/artifacts/blue_white_vase_n10_r16_ts42/generations/evaluation/adapter/blue_white_vase_n10_r16_ts42__p02__gs33.png; CLIP: generated image does not exist: /home/adminbum/Deepfinal/artifacts/blue_white_vase_n10_r16_ts42/generations/evaluation/adapter/blue_white_vase_n10_r16_ts42__p02__gs33.png
blue_white_vase_n10_r16_ts42__adapter__p02__gs44,blue_white_vase_n10_r16_ts42,blue_white_vase,p02,44,adapter,,16,10,,,,False,DINO: generated image does not exist: /home/adminbum/Deepfinal/artifacts/blue_white_vase_n10_r16_ts42/generations/evaluation/adapter/blue_white_vase_n10_r16_ts42__p02__gs44.png; CLIP: generated image does not exist: /home/adminbum/Deepfinal/artifacts/blue_white_vase_n10_r16_ts42/generations/evaluation/adapter/blue_white_vase_n10_r16_ts42__p02__gs44.png
blue_white_vase_n10_r16_ts42__adapter__p03__gs11,blue_white_vase_n10_r16_ts42,blue_white_vase,p03,11,adapter,,16,10,,,,False,DINO: generated image does not exist: /home/adminbum/Deepfinal/artifacts/blue_white_vase_n10_r16_ts42/generations/evaluation/adapter/blue_white_vase_n10_r16_ts42__p03__gs11.png; CLIP: generated image does not exist: /home/adminbum/Deepfinal/artifacts/blue_white_vase_n10_r16_ts42/generations/evaluation/adapter/blue_white_vase_n10_r16_ts42__p03__gs11.png
blue_white_vase_n10_r16_ts42__adapter__p03__gs22,blue_white_vase_n10_r16_ts42,blue_white_vase,p03,22,adapter,,16,10,,,,False,DINO: generated image does not exist: /home/adminbum/Deepfinal/artifacts/blue_white_vase_n10_r16_ts42/generations/evaluation/adapter/blue_white_vase_n10_r16_ts42__p03__gs22.png; CLIP: generated image does not exist: /home/adminbum/Deepfinal/artifacts/blue_white_vase_n10_r16_ts42/generations/evaluation/adapter/blue_white_vase_n10_r16_ts42__p03__gs22.png
blue_white_vase_n10_r16_ts42__adapter__p03__gs33,blue_white_vase_n10_r16_ts42,blue_white_vase,p03,33,adapter,,16,10,,,,False,DINO: generated image does not exist: /home/adminbum/Deepfinal/artifacts/blue_white_vase_n10_r16_ts42/generations/evaluation/adapter/blue_white_vase_n10_r16_ts42__p03__gs33.png; CLIP: generated image does not exist: /home/adminbum/Deepfinal/artifacts/blue_white_vase_n10_r16_ts42/generations/evaluation/adapter/blue_white_vase_n10_r16_ts42__p03__gs33.png
blue_white_vase_n10_r16_ts42__adapter__p03__gs44,blue_white_vase_n10_r16_ts42,blue_white_vase,p03,44,adapter,,16,10,,,,False,DINO: generated image does not exist: /home/adminbum/Deepfinal/artifacts/blue_white_vase_n10_r16_ts42/generations/evaluation/adapter/blue_white_vase_n10_r16_ts42__p03__gs44.png; CLIP: generated image does not exist: /home/adminbum/Deepfinal/artifacts/blue_white_vase_n10_r16_ts42/generations/evaluation/adapter/blue_white_vase_n10_r16_ts42__p03__gs44.png
blue_white_vase_n10_r16_ts42__adapter__p04__gs11,blue_white_vase_n10_r16_ts42,blue_white_vase,p04,11,adapter,,16,10,,,,False,DINO: generated image does not exist: /home/adminbum/Deepfinal/artifacts/blue_white_vase_n10_r16_ts42/generations/evaluation/adapter/blue_white_vase_n10_r16_ts42__p04__gs11.png; CLIP: generated image does not exist: /home/adminbum/Deepfinal/artifacts/blue_white_vase_n10_r16_ts42/generations/evaluation/adapter/blue_white_vase_n10_r16_ts42__p04__gs11.png
blue_white_vase_n10_r16_ts42__adapter__p04__gs22,blue_white_vase_n10_r16_ts42,blue_white_vase,p04,22,adapter,,16,10,,,,False,DINO: generated image does not exist: /home/adminbum/Deepfinal/artifacts/blue_white_vase_n10_r16_ts42/generations/evaluation/adapter/blue_white_vase_n10_r16_ts42__p04__gs22.png; CLIP: generated image does not exist: /home/adminbum/Deepfinal/artifacts/blue_white_vase_n10_r16_ts42/generations/evaluation/adapter/blue_white_vase_n10_r16_ts42__p04__gs22.png
blue_white_vase_n10_r16_ts42__adapter__p04__gs33,blue_white_vase_n10_r16_ts42,blue_white_vase,p04,33,adapter,,16,10,,,,False,DINO: generated image does not exist: /home/adminbum/Deepfinal/artifacts/blue_white_vase_n10_r16_ts42/generations/evaluation/adapter/blue_white_vase_n10_r16_ts42__p04__gs33.png; CLIP: generated image does not exist: /home/adminbum/Deepfinal/artifacts/blue_white_vase_n10_r16_ts42/generations/evaluation/adapter/blue_white_vase_n10_r16_ts42__p04__gs33.png
blue_white_vase_n10_r16_ts42__adapter__p04__gs44,blue_white_vase_n10_r16_ts42,blue_white_vase,p04,44,adapter,,16,10,,,,False,DINO: generated image does not exist: /home/adminbum/Deepfinal/artifacts/blue_white_vase_n10_r16_ts42/generations/evaluation/adapter/blue_white_vase_n10_r16_ts42__p04__gs44.png; CLIP: generated image does not exist: /home/adminbum/Deepfinal/artifacts/blue_white_vase_n10_r16_ts42/generations/evaluation/adapter/blue_white_vase_n10_r16_ts42__p04__gs44.png
blue_white_vase_n10_r16_ts42__adapter__p05__gs11,blue_white_vase_n10_r16_ts42,blue_white_vase,p05,11,adapter,,16,10,,,,False,DINO: generated image does not exist: /home/adminbum/Deepfinal/artifacts/blue_white_vase_n10_r16_ts42/generations/evaluation/adapter/blue_white_vase_n10_r16_ts42__p05__gs11.png; CLIP: generated image does not exist: /home/adminbum/Deepfinal/artifacts/blue_white_vase_n10_r16_ts42/generations/evaluation/adapter/blue_white_vase_n10_r16_ts42__p05__gs11.png
blue_white_vase_n10_r16_ts42__adapter__p05__gs22,blue_white_vase_n10_r16_ts42,blue_white_vase,p05,22,adapter,,16,10,,,,False,DINO: generated image does not exist: /home/adminbum/Deepfinal/artifacts/blue_white_vase_n10_r16_ts42/generations/evaluation/adapter/blue_white_vase_n10_r16_ts42__p05__gs22.png; CLIP: generated image does not exist: /home/adminbum/Deepfinal/artifacts/blue_white_vase_n10_r16_ts42/generations/evaluation/adapter/blue_white_vase_n10_r16_ts42__p05__gs22.png
blue_white_vase_n10_r16_ts42__adapter__p05__gs33,blue_white_vase_n10_r16_ts42,blue_white_vase,p05,33,adapter,,16,10,,,,False,DINO: generated image does not exist: /home/adminbum/Deepfinal/artifacts/blue_white_vase_n10_r16_ts42/generations/evaluation/adapter/blue_white_vase_n10_r16_ts42__p05__gs33.png; CLIP: generated image does not exist: /home/adminbum/Deepfinal/artifacts/blue_white_vase_n10_r16_ts42/generations/evaluation/adapter/blue_white_vase_n10_r16_ts42__p05__gs33.png
blue_white_vase_n10_r16_ts42__adapter__p05__gs44,blue_white_vase_n10_r16_ts42,blue_white_vase,p05,44,adapter,,16,10,,,,False,DINO: generated image does not exist: /home/adminbum/Deepfinal/artifacts/blue_white_vase_n10_r16_ts42/generations/evaluation/adapter/blue_white_vase_n10_r16_ts42__p05__gs44.png; CLIP: generated image does not exist: /home/adminbum/Deepfinal/artifacts/blue_white_vase_n10_r16_ts42/generations/evaluation/adapter/blue_white_vase_n10_r16_ts42__p05__gs44.png
blue_white_vase_n10_r16_ts42__adapter__p06__gs11,blue_white_vase_n10_r16_ts42,blue_white_vase,p06,11,adapter,,16,10,,,,False,DINO: generated image does not exist: /home/adminbum/Deepfinal/artifacts/blue_white_vase_n10_r16_ts42/generations/evaluation/adapter/blue_white_vase_n10_r16_ts42__p06__gs11.png; CLIP: generated image does not exist: /home/adminbum/Deepfinal/artifacts/blue_white_vase_n10_r16_ts42/generations/evaluation/adapter/blue_white_vase_n10_r16_ts42__p06__gs11.png
blue_white_vase_n10_r16_ts42__adapter__p06__gs22,blue_white_vase_n10_r16_ts42,blue_white_vase,p06,22,adapter,,16,10,,,,False,DINO: generated image does not exist: /home/adminbum/Deepfinal/artifacts/blue_white_vase_n10_r16_ts42/generations/evaluation/adapter/blue_white_vase_n10_r16_ts42__p06__gs22.png; CLIP: generated image does not exist: /home/adminbum/Deepfinal/artifacts/blue_white_vase_n10_r16_ts42/generations/evaluation/adapter/blue_white_vase_n10_r16_ts42__p06__gs22.png
blue_white_vase_n10_r16_ts42__adapter__p06__gs33,blue_white_vase_n10_r16_ts42,blue_white_vase,p06,33,adapter,,16,10,,,,False,DINO: generated image does not exist: /home/adminbum/Deepfinal/artifacts/blue_white_vase_n10_r16_ts42/generations/evaluation/adapter/blue_white_vase_n10_r16_ts42__p06__gs33.png; CLIP: generated image does not exist: /home/adminbum/Deepfinal/artifacts/blue_white_vase_n10_r16_ts42/generations/evaluation/adapter/blue_white_vase_n10_r16_ts42__p06__gs33.png
blue_white_vase_n10_r16_ts42__adapter__p06__gs44,blue_white_vase_n10_r16_ts42,blue_white_vase,p06,44,adapter,,16,10,,,,False,DINO: generated image does not exist: /home/adminbum/Deepfinal/artifacts/blue_white_vase_n10_r16_ts42/generations/evaluation/adapter/blue_white_vase_n10_r16_ts42__p06__gs44.png; CLIP: generated image does not exist: /home/adminbum/Deepfinal/artifacts/blue_white_vase_n10_r16_ts42/generations/evaluation/adapter/blue_white_vase_n10_r16_ts42__p06__gs44.png
blue_white_vase_n10_r16_ts42__adapter__p07__gs11,blue_white_vase_n10_r16_ts42,blue_white_vase,p07,11,adapter,,16,10,,,,False,DINO: generated image does not exist: /home/adminbum/Deepfinal/artifacts/blue_white_vase_n10_r16_ts42/generations/evaluation/adapter/blue_white_vase_n10_r16_ts42__p07__gs11.png; CLIP: generated image does not exist: /home/adminbum/Deepfinal/artifacts/blue_white_vase_n10_r16_ts42/generations/evaluation/adapter/blue_white_vase_n10_r16_ts42__p07__gs11.png
blue_white_vase_n10_r16_ts42__adapter__p07__gs22,blue_white_vase_n10_r16_ts42,blue_white_vase,p07,22,adapter,,16,10,,,,False,DINO: generated image does not exist: /home/adminbum/Deepfinal/artifacts/blue_white_vase_n10_r16_ts42/generations/evaluation/adapter/blue_white_vase_n10_r16_ts42__p07__gs22.png; CLIP: generated image does not exist: /home/adminbum/Deepfinal/artifacts/blue_white_vase_n10_r16_ts42/generations/evaluation/adapter/blue_white_vase_n10_r16_ts42__p07__gs22.png
blue_white_vase_n10_r16_ts42__adapter__p07__gs33,blue_white_vase_n10_r16_ts42,blue_white_vase,p07,33,adapter,,16,10,,,,False,DINO: generated image does not exist: /home/adminbum/Deepfinal/artifacts/blue_white_vase_n10_r16_ts42/generations/evaluation/adapter/blue_white_vase_n10_r16_ts42__p07__gs33.png; CLIP: generated image does not exist: /home/adminbum/Deepfinal/artifacts/blue_white_vase_n10_r16_ts42/generations/evaluation/adapter/blue_white_vase_n10_r16_ts42__p07__gs33.png
blue_white_vase_n10_r16_ts42__adapter__p07__gs44,blue_white_vase_n10_r16_ts42,blue_white_vase,p07,44,adapter,,16,10,,,,False,DINO: generated image does not exist: /home/adminbum/Deepfinal/artifacts/blue_white_vase_n10_r16_ts42/generations/evaluation/adapter/blue_white_vase_n10_r16_ts42__p07__gs44.png; CLIP: generated image does not exist: /home/adminbum/Deepfinal/artifacts/blue_white_vase_n10_r16_ts42/generations/evaluation/adapter/blue_white_vase_n10_r16_ts42__p07__gs44.png
blue_white_vase_n10_r16_ts42__adapter__p08__gs11,blue_white_vase_n10_r16_ts42,blue_white_vase,p08,11,adapter,,16,10,,,,False,DINO: generated image does not exist: /home/adminbum/Deepfinal/artifacts/blue_white_vase_n10_r16_ts42/generations/evaluation/adapter/blue_white_vase_n10_r16_ts42__p08__gs11.png; CLIP: generated image does not exist: /home/adminbum/Deepfinal/artifacts/blue_white_vase_n10_r16_ts42/generations/evaluation/adapter/blue_white_vase_n10_r16_ts42__p08__gs11.png
blue_white_vase_n10_r16_ts42__adapter__p08__gs22,blue_white_vase_n10_r16_ts42,blue_white_vase,p08,22,adapter,,16,10,,,,False,DINO: generated image does not exist: /home/adminbum/Deepfinal/artifacts/blue_white_vase_n10_r16_ts42/generations/evaluation/adapter/blue_white_vase_n10_r16_ts42__p08__gs22.png; CLIP: generated image does not exist: /home/adminbum/Deepfinal/artifacts/blue_white_vase_n10_r16_ts42/generations/evaluation/adapter/blue_white_vase_n10_r16_ts42__p08__gs22.png
blue_white_vase_n10_r16_ts42__adapter__p08__gs33,blue_white_vase_n10_r16_ts42,blue_white_vase,p08,33,adapter,,16,10,,,,False,DINO: generated image does not exist: /home/adminbum/Deepfinal/artifacts/blue_white_vase_n10_r16_ts42/generations/evaluation/adapter/blue_white_vase_n10_r16_ts42__p08__gs33.png; CLIP: generated image does not exist: /home/adminbum/Deepfinal/artifacts/blue_white_vase_n10_r16_ts42/generations/evaluation/adapter/blue_white_vase_n10_r16_ts42__p08__gs33.png
blue_white_vase_n10_r16_ts42__adapter__p08__gs44,blue_white_vase_n10_r16_ts42,blue_white_vase,p08,44,adapter,,16,10,,,,False,DINO: generated image does not exist: /home/adminbum/Deepfinal/artifacts/blue_white_vase_n10_r16_ts42/generations/evaluation/adapter/blue_white_vase_n10_r16_ts42__p08__gs44.png; CLIP: generated image does not exist: /home/adminbum/Deepfinal/artifacts/blue_white_vase_n10_r16_ts42/generations/evaluation/adapter/blue_white_vase_n10_r16_ts42__p08__gs44.png
blue_white_vase_n10_r16_ts42__base__p01__gs11,blue_white_vase_n10_r16_ts42,blue_white_vase,p01,11,base,,16,10,,,,False,DINO: generated image does not exist: /home/adminbum/Deepfinal/artifacts/blue_white_vase_n10_r16_ts42/generations/evaluation/base/blue_white_vase_n10_r16_ts42__p01__gs11.png; CLIP: generated image does not exist: /home/adminbum/Deepfinal/artifacts/blue_white_vase_n10_r16_ts42/generations/evaluation/base/blue_white_vase_n10_r16_ts42__p01__gs11.png
blue_white_vase_n10_r16_ts42__base__p01__gs22,blue_white_vase_n10_r16_ts42,blue_white_vase,p01,22,base,,16,10,,,,False,DINO: generated image does not exist: /home/adminbum/Deepfinal/artifacts/blue_white_vase_n10_r16_ts42/generations/evaluation/base/blue_white_vase_n10_r16_ts42__p01__gs22.png; CLIP: generated image does not exist: /home/adminbum/Deepfinal/artifacts/blue_white_vase_n10_r16_ts42/generations/evaluation/base/blue_white_vase_n10_r16_ts42__p01__gs22.png
blue_white_vase_n10_r16_ts42__base__p01__gs33,blue_white_vase_n10_r16_ts42,blue_white_vase,p01,33,base,,16,10,,,,False,DINO: generated image does not exist: /home/adminbum/Deepfinal/artifacts/blue_white_vase_n10_r16_ts42/generations/evaluation/base/blue_white_vase_n10_r16_ts42__p01__gs33.png; CLIP: generated image does not exist: /home/adminbum/Deepfinal/artifacts/blue_white_vase_n10_r16_ts42/generations/evaluation/base/blue_white_vase_n10_r16_ts42__p01__gs33.png
blue_white_vase_n10_r16_ts42__base__p01__gs44,blue_white_vase_n10_r16_ts42,blue_white_vase,p01,44,base,,16,10,,,,False,DINO: generated image does not exist: /home/adminbum/Deepfinal/artifacts/blue_white_vase_n10_r16_ts42/generations/evaluation/base/blue_white_vase_n10_r16_ts42__p01__gs44.png; CLIP: generated image does not exist: /home/adminbum/Deepfinal/artifacts/blue_white_vase_n10_r16_ts42/generations/evaluation/base/blue_white_vase_n10_r16_ts42__p01__gs44.png
blue_white_vase_n10_r16_ts42__base__p02__gs11,blue_white_vase_n10_r16_ts42,blue_white_vase,p02,11,base,,16,10,,,,False,DINO: generated image does not exist: /home/adminbum/Deepfinal/artifacts/blue_white_vase_n10_r16_ts42/generations/evaluation/base/blue_white_vase_n10_r16_ts42__p02__gs11.png; CLIP: generated image does not exist: /home/adminbum/Deepfinal/artifacts/blue_white_vase_n10_r16_ts42/generations/evaluation/base/blue_white_vase_n10_r16_ts42__p02__gs11.png
blue_white_vase_n10_r16_ts42__base__p02__gs22,blue_white_vase_n10_r16_ts42,blue_white_vase,p02,22,base,,16,10,,,,False,DINO: generated image does not exist: /home/adminbum/Deepfinal/artifacts/blue_white_vase_n10_r16_ts42/generations/evaluation/base/blue_white_vase_n10_r16_ts42__p02__gs22.png; CLIP: generated image does not exist: /home/adminbum/Deepfinal/artifacts/blue_white_vase_n10_r16_ts42/generations/evaluation/base/blue_white_vase_n10_r16_ts42__p02__gs22.png
blue_white_vase_n10_r16_ts42__base__p02__gs33,blue_white_vase_n10_r16_ts42,blue_white_vase,p02,33,base,,16,10,,,,False,DINO: generated image does not exist: /home/adminbum/Deepfinal/artifacts/blue_white_vase_n10_r16_ts42/generations/evaluation/base/blue_white_vase_n10_r16_ts42__p02__gs33.png; CLIP: generated image does not exist: /home/adminbum/Deepfinal/artifacts/blue_white_vase_n10_r16_ts42/generations/evaluation/base/blue_white_vase_n10_r16_ts42__p02__gs33.png
blue_white_vase_n10_r16_ts42__base__p02__gs44,blue_white_vase_n10_r16_ts42,blue_white_vase,p02,44,base,,16,10,,,,False,DINO: generated image does not exist: /home/adminbum/Deepfinal/artifacts/blue_white_vase_n10_r16_ts42/generations/evaluation/base/blue_white_vase_n10_r16_ts42__p02__gs44.png; CLIP: generated image does not exist: /home/adminbum/Deepfinal/artifacts/blue_white_vase_n10_r16_ts42/generations/evaluation/base/blue_white_vase_n10_r16_ts42__p02__gs44.png
blue_white_vase_n10_r16_ts42__base__p03__gs11,blue_white_vase_n10_r16_ts42,blue_white_vase,p03,11,base,,16,10,,,,False,DINO: generated image does not exist: /home/adminbum/Deepfinal/artifacts/blue_white_vase_n10_r16_ts42/generations/evaluation/base/blue_white_vase_n10_r16_ts42__p03__gs11.png; CLIP: generated image does not exist: /home/adminbum/Deepfinal/artifacts/blue_white_vase_n10_r16_ts42/generations/evaluation/base/blue_white_vase_n10_r16_ts42__p03__gs11.png
blue_white_vase_n10_r16_ts42__base__p03__gs22,blue_white_vase_n10_r16_ts42,blue_white_vase,p03,22,base,,16,10,,,,False,DINO: generated image does not exist: /home/adminbum/Deepfinal/artifacts/blue_white_vase_n10_r16_ts42/generations/evaluation/base/blue_white_vase_n10_r16_ts42__p03__gs22.png; CLIP: generated image does not exist: /home/adminbum/Deepfinal/artifacts/blue_white_vase_n10_r16_ts42/generations/evaluation/base/blue_white_vase_n10_r16_ts42__p03__gs22.png
blue_white_vase_n10_r16_ts42__base__p03__gs33,blue_white_vase_n10_r16_ts42,blue_white_vase,p03,33,base,,16,10,,,,False,DINO: generated image does not exist: /home/adminbum/Deepfinal/artifacts/blue_white_vase_n10_r16_ts42/generations/evaluation/base/blue_white_vase_n10_r16_ts42__p03__gs33.png; CLIP: generated image does not exist: /home/adminbum/Deepfinal/artifacts/blue_white_vase_n10_r16_ts42/generations/evaluation/base/blue_white_vase_n10_r16_ts42__p03__gs33.png
blue_white_vase_n10_r16_ts42__base__p03__gs44,blue_white_vase_n10_r16_ts42,blue_white_vase,p03,44,base,,16,10,,,,False,DINO: generated image does not exist: /home/adminbum/Deepfinal/artifacts/blue_white_vase_n10_r16_ts42/generations/evaluation/base/blue_white_vase_n10_r16_ts42__p03__gs44.png; CLIP: generated image does not exist: /home/adminbum/Deepfinal/artifacts/blue_white_vase_n10_r16_ts42/generations/evaluation/base/blue_white_vase_n10_r16_ts42__p03__gs44.png
blue_white_vase_n10_r16_ts42__base__p04__gs11,blue_white_vase_n10_r16_ts42,blue_white_vase,p04,11,base,,16,10,,,,False,DINO: generated image does not exist: /home/adminbum/Deepfinal/artifacts/blue_white_vase_n10_r16_ts42/generations/evaluation/base/blue_white_vase_n10_r16_ts42__p04__gs11.png; CLIP: generated image does not exist: /home/adminbum/Deepfinal/artifacts/blue_white_vase_n10_r16_ts42/generations/evaluation/base/blue_white_vase_n10_r16_ts42__p04__gs11.png
blue_white_vase_n10_r16_ts42__base__p04__gs22,blue_white_vase_n10_r16_ts42,blue_white_vase,p04,22,base,,16,10,,,,False,DINO: generated image does not exist: /home/adminbum/Deepfinal/artifacts/blue_white_vase_n10_r16_ts42/generations/evaluation/base/blue_white_vase_n10_r16_ts42__p04__gs22.png; CLIP: generated image does not exist: /home/adminbum/Deepfinal/artifacts/blue_white_vase_n10_r16_ts42/generations/evaluation/base/blue_white_vase_n10_r16_ts42__p04__gs22.png
blue_white_vase_n10_r16_ts42__base__p04__gs33,blue_white_vase_n10_r16_ts42,blue_white_vase,p04,33,base,,16,10,,,,False,DINO: generated image does not exist: /home/adminbum/Deepfinal/artifacts/blue_white_vase_n10_r16_ts42/generations/evaluation/base/blue_white_vase_n10_r16_ts42__p04__gs33.png; CLIP: generated image does not exist: /home/adminbum/Deepfinal/artifacts/blue_white_vase_n10_r16_ts42/generations/evaluation/base/blue_white_vase_n10_r16_ts42__p04__gs33.png
blue_white_vase_n10_r16_ts42__base__p04__gs44,blue_white_vase_n10_r16_ts42,blue_white_vase,p04,44,base,,16,10,,,,False,DINO: generated image does not exist: /home/adminbum/Deepfinal/artifacts/blue_white_vase_n10_r16_ts42/generations/evaluation/base/blue_white_vase_n10_r16_ts42__p04__gs44.png; CLIP: generated image does not exist: /home/adminbum/Deepfinal/artifacts/blue_white_vase_n10_r16_ts42/generations/evaluation/base/blue_white_vase_n10_r16_ts42__p04__gs44.png
blue_white_vase_n10_r16_ts42__base__p05__gs11,blue_white_vase_n10_r16_ts42,blue_white_vase,p05,11,base,,16,10,,,,False,DINO: generated image does not exist: /home/adminbum/Deepfinal/artifacts/blue_white_vase_n10_r16_ts42/generations/evaluation/base/blue_white_vase_n10_r16_ts42__p05__gs11.png; CLIP: generated image does not exist: /home/adminbum/Deepfinal/artifacts/blue_white_vase_n10_r16_ts42/generations/evaluation/base/blue_white_vase_n10_r16_ts42__p05__gs11.png
blue_white_vase_n10_r16_ts42__base__p05__gs22,blue_white_vase_n10_r16_ts42,blue_white_vase,p05,22,base,,16,10,,,,False,DINO: generated image does not exist: /home/adminbum/Deepfinal/artifacts/blue_white_vase_n10_r16_ts42/generations/evaluation/base/blue_white_vase_n10_r16_ts42__p05__gs22.png; CLIP: generated image does not exist: /home/adminbum/Deepfinal/artifacts/blue_white_vase_n10_r16_ts42/generations/evaluation/base/blue_white_vase_n10_r16_ts42__p05__gs22.png
blue_white_vase_n10_r16_ts42__base__p05__gs33,blue_white_vase_n10_r16_ts42,blue_white_vase,p05,33,base,,16,10,,,,False,DINO: generated image does not exist: /home/adminbum/Deepfinal/artifacts/blue_white_vase_n10_r16_ts42/generations/evaluation/base/blue_white_vase_n10_r16_ts42__p05__gs33.png; CLIP: generated image does not exist: /home/adminbum/Deepfinal/artifacts/blue_white_vase_n10_r16_ts42/generations/evaluation/base/blue_white_vase_n10_r16_ts42__p05__gs33.png
blue_white_vase_n10_r16_ts42__base__p05__gs44,blue_white_vase_n10_r16_ts42,blue_white_vase,p05,44,base,,16,10,,,,False,DINO: generated image does not exist: /home/adminbum/Deepfinal/artifacts/blue_white_vase_n10_r16_ts42/generations/evaluation/base/blue_white_vase_n10_r16_ts42__p05__gs44.png; CLIP: generated image does not exist: /home/adminbum/Deepfinal/artifacts/blue_white_vase_n10_r16_ts42/generations/evaluation/base/blue_white_vase_n10_r16_ts42__p05__gs44.png
blue_white_vase_n10_r16_ts42__base__p06__gs11,blue_white_vase_n10_r16_ts42,blue_white_vase,p06,11,base,,16,10,,,,False,DINO: generated image does not exist: /home/adminbum/Deepfinal/artifacts/blue_white_vase_n10_r16_ts42/generations/evaluation/base/blue_white_vase_n10_r16_ts42__p06__gs11.png; CLIP: generated image does not exist: /home/adminbum/Deepfinal/artifacts/blue_white_vase_n10_r16_ts42/generations/evaluation/base/blue_white_vase_n10_r16_ts42__p06__gs11.png
blue_white_vase_n10_r16_ts42__base__p06__gs22,blue_white_vase_n10_r16_ts42,blue_white_vase,p06,22,base,,16,10,,,,False,DINO: generated image does not exist: /home/adminbum/Deepfinal/artifacts/blue_white_vase_n10_r16_ts42/generations/evaluation/base/blue_white_vase_n10_r16_ts42__p06__gs22.png; CLIP: generated image does not exist: /home/adminbum/Deepfinal/artifacts/blue_white_vase_n10_r16_ts42/generations/evaluation/base/blue_white_vase_n10_r16_ts42__p06__gs22.png
blue_white_vase_n10_r16_ts42__base__p06__gs33,blue_white_vase_n10_r16_ts42,blue_white_vase,p06,33,base,,16,10,,,,False,DINO: generated image does not exist: /home/adminbum/Deepfinal/artifacts/blue_white_vase_n10_r16_ts42/generations/evaluation/base/blue_white_vase_n10_r16_ts42__p06__gs33.png; CLIP: generated image does not exist: /home/adminbum/Deepfinal/artifacts/blue_white_vase_n10_r16_ts42/generations/evaluation/base/blue_white_vase_n10_r16_ts42__p06__gs33.png
blue_white_vase_n10_r16_ts42__base__p06__gs44,blue_white_vase_n10_r16_ts42,blue_white_vase,p06,44,base,,16,10,,,,False,DINO: generated image does not exist: /home/adminbum/Deepfinal/artifacts/blue_white_vase_n10_r16_ts42/generations/evaluation/base/blue_white_vase_n10_r16_ts42__p06__gs44.png; CLIP: generated image does not exist: /home/adminbum/Deepfinal/artifacts/blue_white_vase_n10_r16_ts42/generations/evaluation/base/blue_white_vase_n10_r16_ts42__p06__gs44.png
blue_white_vase_n10_r16_ts42__base__p07__gs11,blue_white_vase_n10_r16_ts42,blue_white_vase,p07,11,base,,16,10,,,,False,DINO: generated image does not exist: /home/adminbum/Deepfinal/artifacts/blue_white_vase_n10_r16_ts42/generations/evaluation/base/blue_white_vase_n10_r16_ts42__p07__gs11.png; CLIP: generated image does not exist: /home/adminbum/Deepfinal/artifacts/blue_white_vase_n10_r16_ts42/generations/evaluation/base/blue_white_vase_n10_r16_ts42__p07__gs11.png
blue_white_vase_n10_r16_ts42__base__p07__gs22,blue_white_vase_n10_r16_ts42,blue_white_vase,p07,22,base,,16,10,,,,False,DINO: generated image does not exist: /home/adminbum/Deepfinal/artifacts/blue_white_vase_n10_r16_ts42/generations/evaluation/base/blue_white_vase_n10_r16_ts42__p07__gs22.png; CLIP: generated image does not exist: /home/adminbum/Deepfinal/artifacts/blue_white_vase_n10_r16_ts42/generations/evaluation/base/blue_white_vase_n10_r16_ts42__p07__gs22.png
blue_white_vase_n10_r16_ts42__base__p07__gs33,blue_white_vase_n10_r16_ts42,blue_white_vase,p07,33,base,,16,10,,,,False,DINO: generated image does not exist: /home/adminbum/Deepfinal/artifacts/blue_white_vase_n10_r16_ts42/generations/evaluation/base/blue_white_vase_n10_r16_ts42__p07__gs33.png; CLIP: generated image does not exist: /home/adminbum/Deepfinal/artifacts/blue_white_vase_n10_r16_ts42/generations/evaluation/base/blue_white_vase_n10_r16_ts42__p07__gs33.png
blue_white_vase_n10_r16_ts42__base__p07__gs44,blue_white_vase_n10_r16_ts42,blue_white_vase,p07,44,base,,16,10,,,,False,DINO: generated image does not exist: /home/adminbum/Deepfinal/artifacts/blue_white_vase_n10_r16_ts42/generations/evaluation/base/blue_white_vase_n10_r16_ts42__p07__gs44.png; CLIP: generated image does not exist: /home/adminbum/Deepfinal/artifacts/blue_white_vase_n10_r16_ts42/generations/evaluation/base/blue_white_vase_n10_r16_ts42__p07__gs44.png
blue_white_vase_n10_r16_ts42__base__p08__gs11,blue_white_vase_n10_r16_ts42,blue_white_vase,p08,11,base,,16,10,,,,False,DINO: generated image does not exist: /home/adminbum/Deepfinal/artifacts/blue_white_vase_n10_r16_ts42/generations/evaluation/base/blue_white_vase_n10_r16_ts42__p08__gs11.png; CLIP: generated image does not exist: /home/adminbum/Deepfinal/artifacts/blue_white_vase_n10_r16_ts42/generations/evaluation/base/blue_white_vase_n10_r16_ts42__p08__gs11.png
blue_white_vase_n10_r16_ts42__base__p08__gs22,blue_white_vase_n10_r16_ts42,blue_white_vase,p08,22,base,,16,10,,,,False,DINO: generated image does not exist: /home/adminbum/Deepfinal/artifacts/blue_white_vase_n10_r16_ts42/generations/evaluation/base/blue_white_vase_n10_r16_ts42__p08__gs22.png; CLIP: generated image does not exist: /home/adminbum/Deepfinal/artifacts/blue_white_vase_n10_r16_ts42/generations/evaluation/base/blue_white_vase_n10_r16_ts42__p08__gs22.png
blue_white_vase_n10_r16_ts42__base__p08__gs33,blue_white_vase_n10_r16_ts42,blue_white_vase,p08,33,base,,16,10,,,,False,DINO: generated image does not exist: /home/adminbum/Deepfinal/artifacts/blue_white_vase_n10_r16_ts42/generations/evaluation/base/blue_white_vase_n10_r16_ts42__p08__gs33.png; CLIP: generated image does not exist: /home/adminbum/Deepfinal/artifacts/blue_white_vase_n10_r16_ts42/generations/evaluation/base/blue_white_vase_n10_r16_ts42__p08__gs33.png
blue_white_vase_n10_r16_ts42__base__p08__gs44,blue_white_vase_n10_r16_ts42,blue_white_vase,p08,44,base,,16,10,,,,False,DINO: generated image does not exist: /home/adminbum/Deepfinal/artifacts/blue_white_vase_n10_r16_ts42/generations/evaluation/base/blue_white_vase_n10_r16_ts42__p08__gs44.png; CLIP: generated image does not exist: /home/adminbum/Deepfinal/artifacts/blue_white_vase_n10_r16_ts42/generations/evaluation/base/blue_white_vase_n10_r16_ts42__p08__gs44.png
blue_white_vase_n1_r16_ts42__adapter__p01__gs11,blue_white_vase_n1_r16_ts42,blue_white_vase,p01,11,adapter,,16,1,0.28819167613983154,0.26381736993789673,,True,
blue_white_vase_n1_r16_ts42__adapter__p01__gs22,blue_white_vase_n1_r16_ts42,blue_white_vase,p01,22,adapter,,16,1,0.0718412697315216,0.2531091868877411,,True,
blue_white_vase_n1_r16_ts42__adapter__p01__gs33,blue_white_vase_n1_r16_ts42,blue_white_vase,p01,33,adapter,,16,1,0.0718412697315216,0.2531091868877411,,True,
blue_white_vase_n1_r16_ts42__adapter__p01__gs44,blue_white_vase_n1_r16_ts42,blue_white_vase,p01,44,adapter,,16,1,0.26556774973869324,0.2936246991157532,,True,
blue_white_vase_n1_r16_ts42__adapter__p02__gs11,blue_white_vase_n1_r16_ts42,blue_white_vase,p02,11,adapter,,16,1,0.23401954770088196,0.2298406958580017,,True,
blue_white_vase_n1_r16_ts42__adapter__p02__gs22,blue_white_vase_n1_r16_ts42,blue_white_vase,p02,22,adapter,,16,1,0.25258669257164,0.25311100482940674,,True,
blue_white_vase_n1_r16_ts42__adapter__p02__gs33,blue_white_vase_n1_r16_ts42,blue_white_vase,p02,33,adapter,,16,1,0.0718412697315216,0.24180027842521667,,True,
blue_white_vase_n1_r16_ts42__adapter__p02__gs44,blue_white_vase_n1_r16_ts42,blue_white_vase,p02,44,adapter,,16,1,0.0718412697315216,0.24180027842521667,,True,
blue_white_vase_n1_r16_ts42__adapter__p03__gs11,blue_white_vase_n1_r16_ts42,blue_white_vase,p03,11,adapter,,16,1,0.2416229397058487,0.28357064723968506,,True,
blue_white_vase_n1_r16_ts42__adapter__p03__gs22,blue_white_vase_n1_r16_ts42,blue_white_vase,p03,22,adapter,,16,1,0.0718412697315216,0.23229117691516876,,True,
blue_white_vase_n1_r16_ts42__adapter__p03__gs33,blue_white_vase_n1_r16_ts42,blue_white_vase,p03,33,adapter,,16,1,0.30312708020210266,0.285663366317749,,True,
blue_white_vase_n1_r16_ts42__adapter__p03__gs44,blue_white_vase_n1_r16_ts42,blue_white_vase,p03,44,adapter,,16,1,0.2887524962425232,0.25253885984420776,,True,
blue_white_vase_n1_r16_ts42__adapter__p04__gs11,blue_white_vase_n1_r16_ts42,blue_white_vase,p04,11,adapter,,16,1,0.2967585325241089,0.21447154879570007,,True,
blue_white_vase_n1_r16_ts42__adapter__p04__gs22,blue_white_vase_n1_r16_ts42,blue_white_vase,p04,22,adapter,,16,1,0.2640552520751953,0.23639965057373047,,True,
blue_white_vase_n1_r16_ts42__adapter__p04__gs33,blue_white_vase_n1_r16_ts42,blue_white_vase,p04,33,adapter,,16,1,0.22789321839809418,0.2715933322906494,,True,
blue_white_vase_n1_r16_ts42__adapter__p04__gs44,blue_white_vase_n1_r16_ts42,blue_white_vase,p04,44,adapter,,16,1,0.18794991075992584,0.25088000297546387,,True,
blue_white_vase_n1_r16_ts42__adapter__p05__gs11,blue_white_vase_n1_r16_ts42,blue_white_vase,p05,11,adapter,,16,1,0.3374115526676178,0.2831830680370331,,True,
blue_white_vase_n1_r16_ts42__adapter__p05__gs22,blue_white_vase_n1_r16_ts42,blue_white_vase,p05,22,adapter,,16,1,0.2644369602203369,0.21098490059375763,,True,
blue_white_vase_n1_r16_ts42__adapter__p05__gs33,blue_white_vase_n1_r16_ts42,blue_white_vase,p05,33,adapter,,16,1,0.0718412697315216,0.2691771388053894,,True,
blue_white_vase_n1_r16_ts42__adapter__p05__gs44,blue_white_vase_n1_r16_ts42,blue_white_vase,p05,44,adapter,,16,1,0.30299293994903564,0.30509570240974426,,True,
blue_white_vase_n1_r16_ts42__adapter__p06__gs11,blue_white_vase_n1_r16_ts42,blue_white_vase,p06,11,adapter,,16,1,0.27192625403404236,0.2642921507358551,,True,
blue_white_vase_n1_r16_ts42__adapter__p06__gs22,blue_white_vase_n1_r16_ts42,blue_white_vase,p06,22,adapter,,16,1,0.28307047486305237,0.27377206087112427,,True,
blue_white_vase_n1_r16_ts42__adapter__p06__gs33,blue_white_vase_n1_r16_ts42,blue_white_vase,p06,33,adapter,,16,1,0.0718412697315216,0.2576673626899719,,True,
blue_white_vase_n1_r16_ts42__adapter__p06__gs44,blue_white_vase_n1_r16_ts42,blue_white_vase,p06,44,adapter,,16,1,0.0718412697315216,0.2576673626899719,,True,
blue_white_vase_n1_r16_ts42__adapter__p07__gs11,blue_white_vase_n1_r16_ts42,blue_white_vase,p07,11,adapter,,16,1,0.0718412697315216,0.22588220238685608,,True,
blue_white_vase_n1_r16_ts42__adapter__p07__gs22,blue_white_vase_n1_r16_ts42,blue_white_vase,p07,22,adapter,,16,1,0.35548150539398193,0.2883461117744446,,True,
blue_white_vase_n1_r16_ts42__adapter__p07__gs33,blue_white_vase_n1_r16_ts42,blue_white_vase,p07,33,adapter,,16,1,0.0718412697315216,0.22588220238685608,,True,
blue_white_vase_n1_r16_ts42__adapter__p07__gs44,blue_white_vase_n1_r16_ts42,blue_white_vase,p07,44,adapter,,16,1,0.35407301783561707,0.24168716371059418,,True,
blue_white_vase_n1_r16_ts42__adapter__p08__gs11,blue_white_vase_n1_r16_ts42,blue_white_vase,p08,11,adapter,,16,1,0.2176436185836792,0.21921423077583313,,True,
blue_white_vase_n1_r16_ts42__adapter__p08__gs22,blue_white_vase_n1_r16_ts42,blue_white_vase,p08,22,adapter,,16,1,0.3263711631298065,0.24637474119663239,,True,
blue_white_vase_n1_r16_ts42__adapter__p08__gs33,blue_white_vase_n1_r16_ts42,blue_white_vase,p08,33,adapter,,16,1,0.2640112340450287,0.23057585954666138,,True,
blue_white_vase_n1_r16_ts42__adapter__p08__gs44,blue_white_vase_n1_r16_ts42,blue_white_vase,p08,44,adapter,,16,1,0.3096824288368225,0.23165245354175568,,True,
blue_white_vase_n1_r16_ts42__base__p01__gs11,blue_white_vase_n1_r16_ts42,blue_white_vase,p01,11,base,,16,1,0.3205440044403076,0.30510014295578003,,True,
blue_white_vase_n1_r16_ts42__base__p01__gs22,blue_white_vase_n1_r16_ts42,blue_white_vase,p01,22,base,,16,1,0.19427135586738586,0.30414843559265137,,True,
blue_white_vase_n1_r16_ts42__base__p01__gs33,blue_white_vase_n1_r16_ts42,blue_white_vase,p01,33,base,,16,1,0.35593774914741516,0.29632171988487244,,True,
blue_white_vase_n1_r16_ts42__base__p01__gs44,blue_white_vase_n1_r16_ts42,blue_white_vase,p01,44,base,,16,1,0.2829558849334717,0.3086124062538147,,True,
blue_white_vase_n1_r16_ts42__base__p02__gs11,blue_white_vase_n1_r16_ts42,blue_white_vase,p02,11,base,,16,1,0.20940792560577393,0.2816229462623596,,True,
blue_white_vase_n1_r16_ts42__base__p02__gs22,blue_white_vase_n1_r16_ts42,blue_white_vase,p02,22,base,,16,1,0.3225039839744568,0.31254592537879944,,True,
blue_white_vase_n1_r16_ts42__base__p02__gs33,blue_white_vase_n1_r16_ts42,blue_white_vase,p02,33,base,,16,1,0.3741879463195801,0.30516481399536133,,True,
blue_white_vase_n1_r16_ts42__base__p02__gs44,blue_white_vase_n1_r16_ts42,blue_white_vase,p02,44,base,,16,1,0.2839949429035187,0.3110966682434082,,True,
blue_white_vase_n1_r16_ts42__base__p03__gs11,blue_white_vase_n1_r16_ts42,blue_white_vase,p03,11,base,,16,1,0.2067963182926178,0.27539604902267456,,True,
blue_white_vase_n1_r16_ts42__base__p03__gs22,blue_white_vase_n1_r16_ts42,blue_white_vase,p03,22,base,,16,1,0.1383935809135437,0.32566821575164795,,True,
blue_white_vase_n1_r16_ts42__base__p03__gs33,blue_white_vase_n1_r16_ts42,blue_white_vase,p03,33,base,,16,1,0.1757514774799347,0.3151547312736511,,True,
blue_white_vase_n1_r16_ts42__base__p03__gs44,blue_white_vase_n1_r16_ts42,blue_white_vase,p03,44,base,,16,1,0.0524129793047905,0.3041538596153259,,True,
blue_white_vase_n1_r16_ts42__base__p04__gs11,blue_white_vase_n1_r16_ts42,blue_white_vase,p04,11,base,,16,1,0.16707277297973633,0.33139681816101074,,True,
blue_white_vase_n1_r16_ts42__base__p04__gs22,blue_white_vase_n1_r16_ts42,blue_white_vase,p04,22,base,,16,1,0.08763765543699265,0.3476702570915222,,True,
blue_white_vase_n1_r16_ts42__base__p04__gs33,blue_white_vase_n1_r16_ts42,blue_white_vase,p04,33,base,,16,1,0.12526102364063263,0.3385661542415619,,True,
blue_white_vase_n1_r16_ts42__base__p04__gs44,blue_white_vase_n1_r16_ts42,blue_white_vase,p04,44,base,,16,1,0.041899219155311584,0.33361947536468506,,True,
blue_white_vase_n1_r16_ts42__base__p05__gs11,blue_white_vase_n1_r16_ts42,blue_white_vase,p05,11,base,,16,1,0.3287419378757477,0.29790619015693665,,True,
blue_white_vase_n1_r16_ts42__base__p05__gs22,blue_white_vase_n1_r16_ts42,blue_white_vase,p05,22,base,,16,1,0.1278151124715805,0.307233989238739,,True,
blue_white_vase_n1_r16_ts42__base__p05__gs33,blue_white_vase_n1_r16_ts42,blue_white_vase,p05,33,base,,16,1,0.39861562848091125,0.3027408719062805,,True,
blue_white_vase_n1_r16_ts42__base__p05__gs44,blue_white_vase_n1_r16_ts42,blue_white_vase,p05,44,base,,16,1,0.19044849276542664,0.29453346133232117,,True,
blue_white_vase_n1_r16_ts42__base__p06__gs11,blue_white_vase_n1_r16_ts42,blue_white_vase,p06,11,base,,16,1,0.34580886363983154,0.3316464424133301,,True,
blue_white_vase_n1_r16_ts42__base__p06__gs22,blue_white_vase_n1_r16_ts42,blue_white_vase,p06,22,base,,16,1,0.31805315613746643,0.339304655790329,,True,
blue_white_vase_n1_r16_ts42__base__p06__gs33,blue_white_vase_n1_r16_ts42,blue_white_vase,p06,33,base,,16,1,0.3399621844291687,0.2935997247695923,,True,
blue_white_vase_n1_r16_ts42__base__p06__gs44,blue_white_vase_n1_r16_ts42,blue_white_vase,p06,44,base,,16,1,0.29284772276878357,0.3216298818588257,,True,
blue_white_vase_n1_r16_ts42__base__p07__gs11,blue_white_vase_n1_r16_ts42,blue_white_vase,p07,11,base,,16,1,0.09174562245607376,0.3502961993217468,,True,
blue_white_vase_n1_r16_ts42__base__p07__gs22,blue_white_vase_n1_r16_ts42,blue_white_vase,p07,22,base,,16,1,0.11868774145841599,0.3778543770313263,,True,
blue_white_vase_n1_r16_ts42__base__p07__gs33,blue_white_vase_n1_r16_ts42,blue_white_vase,p07,33,base,,16,1,0.20503875613212585,0.3483576774597168,,True,
blue_white_vase_n1_r16_ts42__base__p07__gs44,blue_white_vase_n1_r16_ts42,blue_white_vase,p07,44,base,,16,1,0.08500958979129791,0.3430471420288086,,True,
blue_white_vase_n1_r16_ts42__base__p08__gs11,blue_white_vase_n1_r16_ts42,blue_white_vase,p08,11,base,,16,1,0.11083057522773743,0.3319302201271057,,True,
blue_white_vase_n1_r16_ts42__base__p08__gs22,blue_white_vase_n1_r16_ts42,blue_white_vase,p08,22,base,,16,1,0.14291736483573914,0.35336047410964966,,True,
blue_white_vase_n1_r16_ts42__base__p08__gs33,blue_white_vase_n1_r16_ts42,blue_white_vase,p08,33,base,,16,1,0.14689776301383972,0.345348596572876,,True,
blue_white_vase_n1_r16_ts42__base__p08__gs44,blue_white_vase_n1_r16_ts42,blue_white_vase,p08,44,base,,16,1,0.035850975662469864,0.3365125358104706,,True,
blue_white_vase_n3_r16_ts42__adapter__p01__gs11,blue_white_vase_n3_r16_ts42,blue_white_vase,p01,11,adapter,,16,3,0.47191423177719116,0.2946552038192749,,True,
blue_white_vase_n3_r16_ts42__adapter__p01__gs22,blue_white_vase_n3_r16_ts42,blue_white_vase,p01,22,adapter,,16,3,0.5052788853645325,0.31293344497680664,,True,
blue_white_vase_n3_r16_ts42__adapter__p01__gs33,blue_white_vase_n3_r16_ts42,blue_white_vase,p01,33,adapter,,16,3,0.471335232257843,0.305135577917099,,True,
blue_white_vase_n3_r16_ts42__adapter__p01__gs44,blue_white_vase_n3_r16_ts42,blue_white_vase,p01,44,adapter,,16,3,0.49600306153297424,0.3109234869480133,,True,
blue_white_vase_n3_r16_ts42__adapter__p02__gs11,blue_white_vase_n3_r16_ts42,blue_white_vase,p02,11,adapter,,16,3,0.5389962196350098,0.2841738760471344,,True,
blue_white_vase_n3_r16_ts42__adapter__p02__gs22,blue_white_vase_n3_r16_ts42,blue_white_vase,p02,22,adapter,,16,3,0.5432549715042114,0.31193482875823975,,True,
blue_white_vase_n3_r16_ts42__adapter__p02__gs33,blue_white_vase_n3_r16_ts42,blue_white_vase,p02,33,adapter,,16,3,0.470130056142807,0.31280517578125,,True,
blue_white_vase_n3_r16_ts42__adapter__p02__gs44,blue_white_vase_n3_r16_ts42,blue_white_vase,p02,44,adapter,,16,3,0.4967038631439209,0.2993367910385132,,True,
blue_white_vase_n3_r16_ts42__adapter__p03__gs11,blue_white_vase_n3_r16_ts42,blue_white_vase,p03,11,adapter,,16,3,0.4541221261024475,0.28993111848831177,,True,
blue_white_vase_n3_r16_ts42__adapter__p03__gs22,blue_white_vase_n3_r16_ts42,blue_white_vase,p03,22,adapter,,16,3,0.5306099653244019,0.30222636461257935,,True,
blue_white_vase_n3_r16_ts42__adapter__p03__gs33,blue_white_vase_n3_r16_ts42,blue_white_vase,p03,33,adapter,,16,3,0.5376672744750977,0.2946205139160156,,True,
blue_white_vase_n3_r16_ts42__adapter__p03__gs44,blue_white_vase_n3_r16_ts42,blue_white_vase,p03,44,adapter,,16,3,0.5239293575286865,0.3112160861492157,,True,
blue_white_vase_n3_r16_ts42__adapter__p04__gs11,blue_white_vase_n3_r16_ts42,blue_white_vase,p04,11,adapter,,16,3,0.4721486270427704,0.3179243803024292,,True,
blue_white_vase_n3_r16_ts42__adapter__p04__gs22,blue_white_vase_n3_r16_ts42,blue_white_vase,p04,22,adapter,,16,3,0.5207430720329285,0.2879944443702698,,True,
blue_white_vase_n3_r16_ts42__adapter__p04__gs33,blue_white_vase_n3_r16_ts42,blue_white_vase,p04,33,adapter,,16,3,0.5319043397903442,0.2946970760822296,,True,
blue_white_vase_n3_r16_ts42__adapter__p04__gs44,blue_white_vase_n3_r16_ts42,blue_white_vase,p04,44,adapter,,16,3,0.47590869665145874,0.3070647120475769,,True,
blue_white_vase_n3_r16_ts42__adapter__p05__gs11,blue_white_vase_n3_r16_ts42,blue_white_vase,p05,11,adapter,,16,3,0.44350433349609375,0.29685813188552856,,True,
blue_white_vase_n3_r16_ts42__adapter__p05__gs22,blue_white_vase_n3_r16_ts42,blue_white_vase,p05,22,adapter,,16,3,0.4991631507873535,0.3036057949066162,,True,
blue_white_vase_n3_r16_ts42__adapter__p05__gs33,blue_white_vase_n3_r16_ts42,blue_white_vase,p05,33,adapter,,16,3,0.5371274352073669,0.29067695140838623,,True,
blue_white_vase_n3_r16_ts42__adapter__p05__gs44,blue_white_vase_n3_r16_ts42,blue_white_vase,p05,44,adapter,,16,3,0.4902135729789734,0.29741406440734863,,True,
blue_white_vase_n3_r16_ts42__adapter__p06__gs11,blue_white_vase_n3_r16_ts42,blue_white_vase,p06,11,adapter,,16,3,0.5046772360801697,0.319430947303772,,True,
blue_white_vase_n3_r16_ts42__adapter__p06__gs22,blue_white_vase_n3_r16_ts42,blue_white_vase,p06,22,adapter,,16,3,0.4835216999053955,0.32169926166534424,,True,
blue_white_vase_n3_r16_ts42__adapter__p06__gs33,blue_white_vase_n3_r16_ts42,blue_white_vase,p06,33,adapter,,16,3,0.4671696126461029,0.3167975842952728,,True,
blue_white_vase_n3_r16_ts42__adapter__p06__gs44,blue_white_vase_n3_r16_ts42,blue_white_vase,p06,44,adapter,,16,3,0.5002825260162354,0.3338775038719177,,True,
blue_white_vase_n3_r16_ts42__adapter__p07__gs11,blue_white_vase_n3_r16_ts42,blue_white_vase,p07,11,adapter,,16,3,0.520794689655304,0.2757198214530945,,True,
blue_white_vase_n3_r16_ts42__adapter__p07__gs22,blue_white_vase_n3_r16_ts42,blue_white_vase,p07,22,adapter,,16,3,0.5040395855903625,0.2898109257221222,,True,
blue_white_vase_n3_r16_ts42__adapter__p07__gs33,blue_white_vase_n3_r16_ts42,blue_white_vase,p07,33,adapter,,16,3,0.5585302114486694,0.26619815826416016,,True,
blue_white_vase_n3_r16_ts42__adapter__p07__gs44,blue_white_vase_n3_r16_ts42,blue_white_vase,p07,44,adapter,,16,3,0.5270004272460938,0.2827327847480774,,True,
blue_white_vase_n3_r16_ts42__adapter__p08__gs11,blue_white_vase_n3_r16_ts42,blue_white_vase,p08,11,adapter,,16,3,0.5029878616333008,0.24442943930625916,,True,
blue_white_vase_n3_r16_ts42__adapter__p08__gs22,blue_white_vase_n3_r16_ts42,blue_white_vase,p08,22,adapter,,16,3,0.47716814279556274,0.25705432891845703,,True,
blue_white_vase_n3_r16_ts42__adapter__p08__gs33,blue_white_vase_n3_r16_ts42,blue_white_vase,p08,33,adapter,,16,3,0.41008469462394714,0.2758368253707886,,True,
blue_white_vase_n3_r16_ts42__adapter__p08__gs44,blue_white_vase_n3_r16_ts42,blue_white_vase,p08,44,adapter,,16,3,0.35427194833755493,0.2958131432533264,,True,
blue_white_vase_n3_r16_ts42__base__p01__gs11,blue_white_vase_n3_r16_ts42,blue_white_vase,p01,11,base,,16,3,0.3205440044403076,0.30510014295578003,,True,
blue_white_vase_n3_r16_ts42__base__p01__gs22,blue_white_vase_n3_r16_ts42,blue_white_vase,p01,22,base,,16,3,0.19427135586738586,0.30414843559265137,,True,
blue_white_vase_n3_r16_ts42__base__p01__gs33,blue_white_vase_n3_r16_ts42,blue_white_vase,p01,33,base,,16,3,0.35593774914741516,0.29632171988487244,,True,
blue_white_vase_n3_r16_ts42__base__p01__gs44,blue_white_vase_n3_r16_ts42,blue_white_vase,p01,44,base,,16,3,0.2829558849334717,0.3086124062538147,,True,
blue_white_vase_n3_r16_ts42__base__p02__gs11,blue_white_vase_n3_r16_ts42,blue_white_vase,p02,11,base,,16,3,0.20940792560577393,0.2816229462623596,,True,
blue_white_vase_n3_r16_ts42__base__p02__gs22,blue_white_vase_n3_r16_ts42,blue_white_vase,p02,22,base,,16,3,0.3225039839744568,0.31254592537879944,,True,
blue_white_vase_n3_r16_ts42__base__p02__gs33,blue_white_vase_n3_r16_ts42,blue_white_vase,p02,33,base,,16,3,0.3741879463195801,0.30516481399536133,,True,
blue_white_vase_n3_r16_ts42__base__p02__gs44,blue_white_vase_n3_r16_ts42,blue_white_vase,p02,44,base,,16,3,0.2839949429035187,0.3110966682434082,,True,
blue_white_vase_n3_r16_ts42__base__p03__gs11,blue_white_vase_n3_r16_ts42,blue_white_vase,p03,11,base,,16,3,0.2067963182926178,0.27539604902267456,,True,
blue_white_vase_n3_r16_ts42__base__p03__gs22,blue_white_vase_n3_r16_ts42,blue_white_vase,p03,22,base,,16,3,0.1383935809135437,0.32566821575164795,,True,
blue_white_vase_n3_r16_ts42__base__p03__gs33,blue_white_vase_n3_r16_ts42,blue_white_vase,p03,33,base,,16,3,0.1757514774799347,0.3151547312736511,,True,
blue_white_vase_n3_r16_ts42__base__p03__gs44,blue_white_vase_n3_r16_ts42,blue_white_vase,p03,44,base,,16,3,0.0524129793047905,0.3041538596153259,,True,
blue_white_vase_n3_r16_ts42__base__p04__gs11,blue_white_vase_n3_r16_ts42,blue_white_vase,p04,11,base,,16,3,0.16707277297973633,0.33139681816101074,,True,
blue_white_vase_n3_r16_ts42__base__p04__gs22,blue_white_vase_n3_r16_ts42,blue_white_vase,p04,22,base,,16,3,0.08763765543699265,0.3476702570915222,,True,
blue_white_vase_n3_r16_ts42__base__p04__gs33,blue_white_vase_n3_r16_ts42,blue_white_vase,p04,33,base,,16,3,0.12526102364063263,0.3385661542415619,,True,
blue_white_vase_n3_r16_ts42__base__p04__gs44,blue_white_vase_n3_r16_ts42,blue_white_vase,p04,44,base,,16,3,0.041899219155311584,0.33361947536468506,,True,
blue_white_vase_n3_r16_ts42__base__p05__gs11,blue_white_vase_n3_r16_ts42,blue_white_vase,p05,11,base,,16,3,0.3287419378757477,0.29790619015693665,,True,
blue_white_vase_n3_r16_ts42__base__p05__gs22,blue_white_vase_n3_r16_ts42,blue_white_vase,p05,22,base,,16,3,0.1278151124715805,0.307233989238739,,True,
blue_white_vase_n3_r16_ts42__base__p05__gs33,blue_white_vase_n3_r16_ts42,blue_white_vase,p05,33,base,,16,3,0.39861562848091125,0.3027408719062805,,True,
blue_white_vase_n3_r16_ts42__base__p05__gs44,blue_white_vase_n3_r16_ts42,blue_white_vase,p05,44,base,,16,3,0.19044849276542664,0.29453346133232117,,True,
blue_white_vase_n3_r16_ts42__base__p06__gs11,blue_white_vase_n3_r16_ts42,blue_white_vase,p06,11,base,,16,3,0.34580886363983154,0.3316464424133301,,True,
blue_white_vase_n3_r16_ts42__base__p06__gs22,blue_white_vase_n3_r16_ts42,blue_white_vase,p06,22,base,,16,3,0.31805315613746643,0.339304655790329,,True,
blue_white_vase_n3_r16_ts42__base__p06__gs33,blue_white_vase_n3_r16_ts42,blue_white_vase,p06,33,base,,16,3,0.3399621844291687,0.2935997247695923,,True,
blue_white_vase_n3_r16_ts42__base__p06__gs44,blue_white_vase_n3_r16_ts42,blue_white_vase,p06,44,base,,16,3,0.29284772276878357,0.3216298818588257,,True,
blue_white_vase_n3_r16_ts42__base__p07__gs11,blue_white_vase_n3_r16_ts42,blue_white_vase,p07,11,base,,16,3,0.09174562245607376,0.3502961993217468,,True,
blue_white_vase_n3_r16_ts42__base__p07__gs22,blue_white_vase_n3_r16_ts42,blue_white_vase,p07,22,base,,16,3,0.11868774145841599,0.3778543770313263,,True,
blue_white_vase_n3_r16_ts42__base__p07__gs33,blue_white_vase_n3_r16_ts42,blue_white_vase,p07,33,base,,16,3,0.20503875613212585,0.3483576774597168,,True,
blue_white_vase_n3_r16_ts42__base__p07__gs44,blue_white_vase_n3_r16_ts42,blue_white_vase,p07,44,base,,16,3,0.08500958979129791,0.3430471420288086,,True,
blue_white_vase_n3_r16_ts42__base__p08__gs11,blue_white_vase_n3_r16_ts42,blue_white_vase,p08,11,base,,16,3,0.11083057522773743,0.3319302201271057,,True,
blue_white_vase_n3_r16_ts42__base__p08__gs22,blue_white_vase_n3_r16_ts42,blue_white_vase,p08,22,base,,16,3,0.14291736483573914,0.35336047410964966,,True,
blue_white_vase_n3_r16_ts42__base__p08__gs33,blue_white_vase_n3_r16_ts42,blue_white_vase,p08,33,base,,16,3,0.14689776301383972,0.345348596572876,,True,
blue_white_vase_n3_r16_ts42__base__p08__gs44,blue_white_vase_n3_r16_ts42,blue_white_vase,p08,44,base,,16,3,0.035850975662469864,0.3365125358104706,,True,
blue_white_vase_n5_r16_ts42__adapter__p01__gs11,blue_white_vase_n5_r16_ts42,blue_white_vase,p01,11,adapter,,16,5,0.5654361248016357,0.30191823840141296,,True,
blue_white_vase_n5_r16_ts42__adapter__p01__gs22,blue_white_vase_n5_r16_ts42,blue_white_vase,p01,22,adapter,,16,5,0.5587359666824341,0.3032976984977722,,True,
blue_white_vase_n5_r16_ts42__adapter__p01__gs33,blue_white_vase_n5_r16_ts42,blue_white_vase,p01,33,adapter,,16,5,0.5036327838897705,0.3000521659851074,,True,
blue_white_vase_n5_r16_ts42__adapter__p01__gs44,blue_white_vase_n5_r16_ts42,blue_white_vase,p01,44,adapter,,16,5,0.46659722924232483,0.3009507656097412,,True,
blue_white_vase_n5_r16_ts42__adapter__p02__gs11,blue_white_vase_n5_r16_ts42,blue_white_vase,p02,11,adapter,,16,5,0.5259045362472534,0.2862944006919861,,True,
blue_white_vase_n5_r16_ts42__adapter__p02__gs22,blue_white_vase_n5_r16_ts42,blue_white_vase,p02,22,adapter,,16,5,0.5305189490318298,0.28604334592819214,,True,
blue_white_vase_n5_r16_ts42__adapter__p02__gs33,blue_white_vase_n5_r16_ts42,blue_white_vase,p02,33,adapter,,16,5,0.5660786628723145,0.29557207226753235,,True,
blue_white_vase_n5_r16_ts42__adapter__p02__gs44,blue_white_vase_n5_r16_ts42,blue_white_vase,p02,44,adapter,,16,5,0.5406323075294495,0.2864695191383362,,True,
blue_white_vase_n5_r16_ts42__adapter__p03__gs11,blue_white_vase_n5_r16_ts42,blue_white_vase,p03,11,adapter,,16,5,0.5380401015281677,0.2909700274467468,,True,
blue_white_vase_n5_r16_ts42__adapter__p03__gs22,blue_white_vase_n5_r16_ts42,blue_white_vase,p03,22,adapter,,16,5,0.543327808380127,0.2903289198875427,,True,
blue_white_vase_n5_r16_ts42__adapter__p03__gs33,blue_white_vase_n5_r16_ts42,blue_white_vase,p03,33,adapter,,16,5,0.522375762462616,0.2773134410381317,,True,
blue_white_vase_n5_r16_ts42__adapter__p03__gs44,blue_white_vase_n5_r16_ts42,blue_white_vase,p03,44,adapter,,16,5,0.5382593274116516,0.2970494329929352,,True,
blue_white_vase_n5_r16_ts42__adapter__p04__gs11,blue_white_vase_n5_r16_ts42,blue_white_vase,p04,11,adapter,,16,5,0.51983243227005,0.2969449758529663,,True,
blue_white_vase_n5_r16_ts42__adapter__p04__gs22,blue_white_vase_n5_r16_ts42,blue_white_vase,p04,22,adapter,,16,5,0.5530422329902649,0.2881164848804474,,True,
blue_white_vase_n5_r16_ts42__adapter__p04__gs33,blue_white_vase_n5_r16_ts42,blue_white_vase,p04,33,adapter,,16,5,0.5588502883911133,0.29444411396980286,,True,
blue_white_vase_n5_r16_ts42__adapter__p04__gs44,blue_white_vase_n5_r16_ts42,blue_white_vase,p04,44,adapter,,16,5,0.4719736576080322,0.2941076159477234,,True,
blue_white_vase_n5_r16_ts42__adapter__p05__gs11,blue_white_vase_n5_r16_ts42,blue_white_vase,p05,11,adapter,,16,5,0.5233386754989624,0.2892988324165344,,True,
blue_white_vase_n5_r16_ts42__adapter__p05__gs22,blue_white_vase_n5_r16_ts42,blue_white_vase,p05,22,adapter,,16,5,0.5632939338684082,0.27984094619750977,,True,
blue_white_vase_n5_r16_ts42__adapter__p05__gs33,blue_white_vase_n5_r16_ts42,blue_white_vase,p05,33,adapter,,16,5,0.5137736797332764,0.2978537380695343,,True,
blue_white_vase_n5_r16_ts42__adapter__p05__gs44,blue_white_vase_n5_r16_ts42,blue_white_vase,p05,44,adapter,,16,5,0.5583144426345825,0.28088629245758057,,True,
blue_white_vase_n5_r16_ts42__adapter__p06__gs11,blue_white_vase_n5_r16_ts42,blue_white_vase,p06,11,adapter,,16,5,0.5187563300132751,0.3186708092689514,,True,
blue_white_vase_n5_r16_ts42__adapter__p06__gs22,blue_white_vase_n5_r16_ts42,blue_white_vase,p06,22,adapter,,16,5,0.4922662377357483,0.31340983510017395,,True,
blue_white_vase_n5_r16_ts42__adapter__p06__gs33,blue_white_vase_n5_r16_ts42,blue_white_vase,p06,33,adapter,,16,5,0.5308095216751099,0.32387712597846985,,True,
blue_white_vase_n5_r16_ts42__adapter__p06__gs44,blue_white_vase_n5_r16_ts42,blue_white_vase,p06,44,adapter,,16,5,0.4753260314464569,0.31089073419570923,,True,
blue_white_vase_n5_r16_ts42__adapter__p07__gs11,blue_white_vase_n5_r16_ts42,blue_white_vase,p07,11,adapter,,16,5,0.46886777877807617,0.2748510539531708,,True,
blue_white_vase_n5_r16_ts42__adapter__p07__gs22,blue_white_vase_n5_r16_ts42,blue_white_vase,p07,22,adapter,,16,5,0.5147323608398438,0.2834334969520569,,True,
blue_white_vase_n5_r16_ts42__adapter__p07__gs33,blue_white_vase_n5_r16_ts42,blue_white_vase,p07,33,adapter,,16,5,0.4930935800075531,0.264108270406723,,True,
blue_white_vase_n5_r16_ts42__adapter__p07__gs44,blue_white_vase_n5_r16_ts42,blue_white_vase,p07,44,adapter,,16,5,0.49606651067733765,0.2813858091831207,,True,
blue_white_vase_n5_r16_ts42__adapter__p08__gs11,blue_white_vase_n5_r16_ts42,blue_white_vase,p08,11,adapter,,16,5,0.5681386590003967,0.29351386427879333,,True,
blue_white_vase_n5_r16_ts42__adapter__p08__gs22,blue_white_vase_n5_r16_ts42,blue_white_vase,p08,22,adapter,,16,5,0.39645493030548096,0.2882111966609955,,True,
blue_white_vase_n5_r16_ts42__adapter__p08__gs33,blue_white_vase_n5_r16_ts42,blue_white_vase,p08,33,adapter,,16,5,0.43670496344566345,0.2634941339492798,,True,
blue_white_vase_n5_r16_ts42__adapter__p08__gs44,blue_white_vase_n5_r16_ts42,blue_white_vase,p08,44,adapter,,16,5,0.47159600257873535,0.29004013538360596,,True,
blue_white_vase_n5_r16_ts42__base__p01__gs11,blue_white_vase_n5_r16_ts42,blue_white_vase,p01,11,base,,16,5,0.3205440044403076,0.30510014295578003,,True,
blue_white_vase_n5_r16_ts42__base__p01__gs22,blue_white_vase_n5_r16_ts42,blue_white_vase,p01,22,base,,16,5,0.19427135586738586,0.30414843559265137,,True,
blue_white_vase_n5_r16_ts42__base__p01__gs33,blue_white_vase_n5_r16_ts42,blue_white_vase,p01,33,base,,16,5,0.35593774914741516,0.29632171988487244,,True,
blue_white_vase_n5_r16_ts42__base__p01__gs44,blue_white_vase_n5_r16_ts42,blue_white_vase,p01,44,base,,16,5,0.2829558849334717,0.3086124062538147,,True,
blue_white_vase_n5_r16_ts42__base__p02__gs11,blue_white_vase_n5_r16_ts42,blue_white_vase,p02,11,base,,16,5,0.20940792560577393,0.2816229462623596,,True,
blue_white_vase_n5_r16_ts42__base__p02__gs22,blue_white_vase_n5_r16_ts42,blue_white_vase,p02,22,base,,16,5,0.3225039839744568,0.31254592537879944,,True,
blue_white_vase_n5_r16_ts42__base__p02__gs33,blue_white_vase_n5_r16_ts42,blue_white_vase,p02,33,base,,16,5,0.3741879463195801,0.30516481399536133,,True,
blue_white_vase_n5_r16_ts42__base__p02__gs44,blue_white_vase_n5_r16_ts42,blue_white_vase,p02,44,base,,16,5,0.2839949429035187,0.3110966682434082,,True,
blue_white_vase_n5_r16_ts42__base__p03__gs11,blue_white_vase_n5_r16_ts42,blue_white_vase,p03,11,base,,16,5,0.2067963182926178,0.27539604902267456,,True,
blue_white_vase_n5_r16_ts42__base__p03__gs22,blue_white_vase_n5_r16_ts42,blue_white_vase,p03,22,base,,16,5,0.1383935809135437,0.32566821575164795,,True,
blue_white_vase_n5_r16_ts42__base__p03__gs33,blue_white_vase_n5_r16_ts42,blue_white_vase,p03,33,base,,16,5,0.1757514774799347,0.3151547312736511,,True,
blue_white_vase_n5_r16_ts42__base__p03__gs44,blue_white_vase_n5_r16_ts42,blue_white_vase,p03,44,base,,16,5,0.0524129793047905,0.3041538596153259,,True,
blue_white_vase_n5_r16_ts42__base__p04__gs11,blue_white_vase_n5_r16_ts42,blue_white_vase,p04,11,base,,16,5,0.16707277297973633,0.33139681816101074,,True,
blue_white_vase_n5_r16_ts42__base__p04__gs22,blue_white_vase_n5_r16_ts42,blue_white_vase,p04,22,base,,16,5,0.08763765543699265,0.3476702570915222,,True,
blue_white_vase_n5_r16_ts42__base__p04__gs33,blue_white_vase_n5_r16_ts42,blue_white_vase,p04,33,base,,16,5,0.12526102364063263,0.3385661542415619,,True,
blue_white_vase_n5_r16_ts42__base__p04__gs44,blue_white_vase_n5_r16_ts42,blue_white_vase,p04,44,base,,16,5,0.041899219155311584,0.33361947536468506,,True,
blue_white_vase_n5_r16_ts42__base__p05__gs11,blue_white_vase_n5_r16_ts42,blue_white_vase,p05,11,base,,16,5,0.3287419378757477,0.29790619015693665,,True,
blue_white_vase_n5_r16_ts42__base__p05__gs22,blue_white_vase_n5_r16_ts42,blue_white_vase,p05,22,base,,16,5,0.1278151124715805,0.307233989238739,,True,
blue_white_vase_n5_r16_ts42__base__p05__gs33,blue_white_vase_n5_r16_ts42,blue_white_vase,p05,33,base,,16,5,0.39861562848091125,0.3027408719062805,,True,
blue_white_vase_n5_r16_ts42__base__p05__gs44,blue_white_vase_n5_r16_ts42,blue_white_vase,p05,44,base,,16,5,0.19044849276542664,0.29453346133232117,,True,
blue_white_vase_n5_r16_ts42__base__p06__gs11,blue_white_vase_n5_r16_ts42,blue_white_vase,p06,11,base,,16,5,0.34580886363983154,0.3316464424133301,,True,
blue_white_vase_n5_r16_ts42__base__p06__gs22,blue_white_vase_n5_r16_ts42,blue_white_vase,p06,22,base,,16,5,0.31805315613746643,0.339304655790329,,True,
blue_white_vase_n5_r16_ts42__base__p06__gs33,blue_white_vase_n5_r16_ts42,blue_white_vase,p06,33,base,,16,5,0.3399621844291687,0.2935997247695923,,True,
blue_white_vase_n5_r16_ts42__base__p06__gs44,blue_white_vase_n5_r16_ts42,blue_white_vase,p06,44,base,,16,5,0.29284772276878357,0.3216298818588257,,True,
blue_white_vase_n5_r16_ts42__base__p07__gs11,blue_white_vase_n5_r16_ts42,blue_white_vase,p07,11,base,,16,5,0.09174562245607376,0.3502961993217468,,True,
blue_white_vase_n5_r16_ts42__base__p07__gs22,blue_white_vase_n5_r16_ts42,blue_white_vase,p07,22,base,,16,5,0.11868774145841599,0.3778543770313263,,True,
blue_white_vase_n5_r16_ts42__base__p07__gs33,blue_white_vase_n5_r16_ts42,blue_white_vase,p07,33,base,,16,5,0.20503875613212585,0.3483576774597168,,True,
blue_white_vase_n5_r16_ts42__base__p07__gs44,blue_white_vase_n5_r16_ts42,blue_white_vase,p07,44,base,,16,5,0.08500958979129791,0.3430471420288086,,True,
blue_white_vase_n5_r16_ts42__base__p08__gs11,blue_white_vase_n5_r16_ts42,blue_white_vase,p08,11,base,,16,5,0.11083057522773743,0.3319302201271057,,True,
blue_white_vase_n5_r16_ts42__base__p08__gs22,blue_white_vase_n5_r16_ts42,blue_white_vase,p08,22,base,,16,5,0.14291736483573914,0.35336047410964966,,True,
blue_white_vase_n5_r16_ts42__base__p08__gs33,blue_white_vase_n5_r16_ts42,blue_white_vase,p08,33,base,,16,5,0.14689776301383972,0.345348596572876,,True,
blue_white_vase_n5_r16_ts42__base__p08__gs44,blue_white_vase_n5_r16_ts42,blue_white_vase,p08,44,base,,16,5,0.035850975662469864,0.3365125358104706,,True,
blue_white_vase_n5_r32_ts42__adapter__p01__gs11,blue_white_vase_n5_r32_ts42,blue_white_vase,p01,11,adapter,,32,5,0.4819530248641968,0.2831045389175415,,True,
blue_white_vase_n5_r32_ts42__adapter__p01__gs22,blue_white_vase_n5_r32_ts42,blue_white_vase,p01,22,adapter,,32,5,0.5199891328811646,0.2944929599761963,,True,
blue_white_vase_n5_r32_ts42__adapter__p01__gs33,blue_white_vase_n5_r32_ts42,blue_white_vase,p01,33,adapter,,32,5,0.5272380113601685,0.3038734495639801,,True,
blue_white_vase_n5_r32_ts42__adapter__p01__gs44,blue_white_vase_n5_r32_ts42,blue_white_vase,p01,44,adapter,,32,5,0.4953208565711975,0.2991020679473877,,True,
blue_white_vase_n5_r32_ts42__adapter__p02__gs11,blue_white_vase_n5_r32_ts42,blue_white_vase,p02,11,adapter,,32,5,0.5087010264396667,0.28896564245224,,True,
blue_white_vase_n5_r32_ts42__adapter__p02__gs22,blue_white_vase_n5_r32_ts42,blue_white_vase,p02,22,adapter,,32,5,0.5040687322616577,0.2900716960430145,,True,
blue_white_vase_n5_r32_ts42__adapter__p02__gs33,blue_white_vase_n5_r32_ts42,blue_white_vase,p02,33,adapter,,32,5,0.45300301909446716,0.28542810678482056,,True,
blue_white_vase_n5_r32_ts42__adapter__p02__gs44,blue_white_vase_n5_r32_ts42,blue_white_vase,p02,44,adapter,,32,5,0.46914908289909363,0.26796749234199524,,True,
blue_white_vase_n5_r32_ts42__adapter__p03__gs11,blue_white_vase_n5_r32_ts42,blue_white_vase,p03,11,adapter,,32,5,0.5129563808441162,0.29716670513153076,,True,
blue_white_vase_n5_r32_ts42__adapter__p03__gs22,blue_white_vase_n5_r32_ts42,blue_white_vase,p03,22,adapter,,32,5,0.5324715375900269,0.27439337968826294,,True,
blue_white_vase_n5_r32_ts42__adapter__p03__gs33,blue_white_vase_n5_r32_ts42,blue_white_vase,p03,33,adapter,,32,5,0.4137343466281891,0.2831215262413025,,True,
blue_white_vase_n5_r32_ts42__adapter__p03__gs44,blue_white_vase_n5_r32_ts42,blue_white_vase,p03,44,adapter,,32,5,0.5029431581497192,0.2883543372154236,,True,
blue_white_vase_n5_r32_ts42__adapter__p04__gs11,blue_white_vase_n5_r32_ts42,blue_white_vase,p04,11,adapter,,32,5,0.5077128410339355,0.28216925263404846,,True,
blue_white_vase_n5_r32_ts42__adapter__p04__gs22,blue_white_vase_n5_r32_ts42,blue_white_vase,p04,22,adapter,,32,5,0.5147522687911987,0.2849874496459961,,True,
blue_white_vase_n5_r32_ts42__adapter__p04__gs33,blue_white_vase_n5_r32_ts42,blue_white_vase,p04,33,adapter,,32,5,0.49036818742752075,0.2802594304084778,,True,
blue_white_vase_n5_r32_ts42__adapter__p04__gs44,blue_white_vase_n5_r32_ts42,blue_white_vase,p04,44,adapter,,32,5,0.48704972863197327,0.2844812870025635,,True,
blue_white_vase_n5_r32_ts42__adapter__p05__gs11,blue_white_vase_n5_r32_ts42,blue_white_vase,p05,11,adapter,,32,5,0.537287712097168,0.305098295211792,,True,
blue_white_vase_n5_r32_ts42__adapter__p05__gs22,blue_white_vase_n5_r32_ts42,blue_white_vase,p05,22,adapter,,32,5,0.5521857738494873,0.2901797294616699,,True,
blue_white_vase_n5_r32_ts42__adapter__p05__gs33,blue_white_vase_n5_r32_ts42,blue_white_vase,p05,33,adapter,,32,5,0.4996454119682312,0.3004343509674072,,True,
blue_white_vase_n5_r32_ts42__adapter__p05__gs44,blue_white_vase_n5_r32_ts42,blue_white_vase,p05,44,adapter,,32,5,0.5124140381813049,0.2906365990638733,,True,
blue_white_vase_n5_r32_ts42__adapter__p06__gs11,blue_white_vase_n5_r32_ts42,blue_white_vase,p06,11,adapter,,32,5,0.5101228952407837,0.31921112537384033,,True,
blue_white_vase_n5_r32_ts42__adapter__p06__gs22,blue_white_vase_n5_r32_ts42,blue_white_vase,p06,22,adapter,,32,5,0.5593552589416504,0.31062865257263184,,True,
blue_white_vase_n5_r32_ts42__adapter__p06__gs33,blue_white_vase_n5_r32_ts42,blue_white_vase,p06,33,adapter,,32,5,0.5385683178901672,0.30709612369537354,,True,
blue_white_vase_n5_r32_ts42__adapter__p06__gs44,blue_white_vase_n5_r32_ts42,blue_white_vase,p06,44,adapter,,32,5,0.5116258263587952,0.3128904402256012,,True,
blue_white_vase_n5_r32_ts42__adapter__p07__gs11,blue_white_vase_n5_r32_ts42,blue_white_vase,p07,11,adapter,,32,5,0.49467843770980835,0.2754174470901489,,True,
blue_white_vase_n5_r32_ts42__adapter__p07__gs22,blue_white_vase_n5_r32_ts42,blue_white_vase,p07,22,adapter,,32,5,0.5685485005378723,0.28551235795021057,,True,
blue_white_vase_n5_r32_ts42__adapter__p07__gs33,blue_white_vase_n5_r32_ts42,blue_white_vase,p07,33,adapter,,32,5,0.5365144610404968,0.27409830689430237,,True,
blue_white_vase_n5_r32_ts42__adapter__p07__gs44,blue_white_vase_n5_r32_ts42,blue_white_vase,p07,44,adapter,,32,5,0.514794647693634,0.2666909396648407,,True,
blue_white_vase_n5_r32_ts42__adapter__p08__gs11,blue_white_vase_n5_r32_ts42,blue_white_vase,p08,11,adapter,,32,5,0.5107481479644775,0.24321766197681427,,True,
blue_white_vase_n5_r32_ts42__adapter__p08__gs22,blue_white_vase_n5_r32_ts42,blue_white_vase,p08,22,adapter,,32,5,0.39291781187057495,0.2741434872150421,,True,
blue_white_vase_n5_r32_ts42__adapter__p08__gs33,blue_white_vase_n5_r32_ts42,blue_white_vase,p08,33,adapter,,32,5,0.47917836904525757,0.2586708664894104,,True,
blue_white_vase_n5_r32_ts42__adapter__p08__gs44,blue_white_vase_n5_r32_ts42,blue_white_vase,p08,44,adapter,,32,5,0.45223867893218994,0.261341392993927,,True,
blue_white_vase_n5_r32_ts42__base__p01__gs11,blue_white_vase_n5_r32_ts42,blue_white_vase,p01,11,base,,32,5,0.3205440044403076,0.30510014295578003,,True,
blue_white_vase_n5_r32_ts42__base__p01__gs22,blue_white_vase_n5_r32_ts42,blue_white_vase,p01,22,base,,32,5,0.19427135586738586,0.30414843559265137,,True,
blue_white_vase_n5_r32_ts42__base__p01__gs33,blue_white_vase_n5_r32_ts42,blue_white_vase,p01,33,base,,32,5,0.35593774914741516,0.29632171988487244,,True,
blue_white_vase_n5_r32_ts42__base__p01__gs44,blue_white_vase_n5_r32_ts42,blue_white_vase,p01,44,base,,32,5,0.2829558849334717,0.3086124062538147,,True,
blue_white_vase_n5_r32_ts42__base__p02__gs11,blue_white_vase_n5_r32_ts42,blue_white_vase,p02,11,base,,32,5,0.20940792560577393,0.2816229462623596,,True,
blue_white_vase_n5_r32_ts42__base__p02__gs22,blue_white_vase_n5_r32_ts42,blue_white_vase,p02,22,base,,32,5,0.3225039839744568,0.31254592537879944,,True,
blue_white_vase_n5_r32_ts42__base__p02__gs33,blue_white_vase_n5_r32_ts42,blue_white_vase,p02,33,base,,32,5,0.3741879463195801,0.30516481399536133,,True,
blue_white_vase_n5_r32_ts42__base__p02__gs44,blue_white_vase_n5_r32_ts42,blue_white_vase,p02,44,base,,32,5,0.2839949429035187,0.3110966682434082,,True,
blue_white_vase_n5_r32_ts42__base__p03__gs11,blue_white_vase_n5_r32_ts42,blue_white_vase,p03,11,base,,32,5,0.2067963182926178,0.27539604902267456,,True,
blue_white_vase_n5_r32_ts42__base__p03__gs22,blue_white_vase_n5_r32_ts42,blue_white_vase,p03,22,base,,32,5,0.1383935809135437,0.32566821575164795,,True,
blue_white_vase_n5_r32_ts42__base__p03__gs33,blue_white_vase_n5_r32_ts42,blue_white_vase,p03,33,base,,32,5,0.1757514774799347,0.3151547312736511,,True,
blue_white_vase_n5_r32_ts42__base__p03__gs44,blue_white_vase_n5_r32_ts42,blue_white_vase,p03,44,base,,32,5,0.0524129793047905,0.3041538596153259,,True,
blue_white_vase_n5_r32_ts42__base__p04__gs11,blue_white_vase_n5_r32_ts42,blue_white_vase,p04,11,base,,32,5,0.16707277297973633,0.33139681816101074,,True,
blue_white_vase_n5_r32_ts42__base__p04__gs22,blue_white_vase_n5_r32_ts42,blue_white_vase,p04,22,base,,32,5,0.08763765543699265,0.3476702570915222,,True,
blue_white_vase_n5_r32_ts42__base__p04__gs33,blue_white_vase_n5_r32_ts42,blue_white_vase,p04,33,base,,32,5,0.12526102364063263,0.3385661542415619,,True,
blue_white_vase_n5_r32_ts42__base__p04__gs44,blue_white_vase_n5_r32_ts42,blue_white_vase,p04,44,base,,32,5,0.041899219155311584,0.33361947536468506,,True,
blue_white_vase_n5_r32_ts42__base__p05__gs11,blue_white_vase_n5_r32_ts42,blue_white_vase,p05,11,base,,32,5,0.3287419378757477,0.29790619015693665,,True,
blue_white_vase_n5_r32_ts42__base__p05__gs22,blue_white_vase_n5_r32_ts42,blue_white_vase,p05,22,base,,32,5,0.1278151124715805,0.307233989238739,,True,
blue_white_vase_n5_r32_ts42__base__p05__gs33,blue_white_vase_n5_r32_ts42,blue_white_vase,p05,33,base,,32,5,0.39861562848091125,0.3027408719062805,,True,
blue_white_vase_n5_r32_ts42__base__p05__gs44,blue_white_vase_n5_r32_ts42,blue_white_vase,p05,44,base,,32,5,0.19044849276542664,0.29453346133232117,,True,
blue_white_vase_n5_r32_ts42__base__p06__gs11,blue_white_vase_n5_r32_ts42,blue_white_vase,p06,11,base,,32,5,0.34580886363983154,0.3316464424133301,,True,
blue_white_vase_n5_r32_ts42__base__p06__gs22,blue_white_vase_n5_r32_ts42,blue_white_vase,p06,22,base,,32,5,0.31805315613746643,0.339304655790329,,True,
blue_white_vase_n5_r32_ts42__base__p06__gs33,blue_white_vase_n5_r32_ts42,blue_white_vase,p06,33,base,,32,5,0.3399621844291687,0.2935997247695923,,True,
blue_white_vase_n5_r32_ts42__base__p06__gs44,blue_white_vase_n5_r32_ts42,blue_white_vase,p06,44,base,,32,5,0.29284772276878357,0.3216298818588257,,True,
blue_white_vase_n5_r32_ts42__base__p07__gs11,blue_white_vase_n5_r32_ts42,blue_white_vase,p07,11,base,,32,5,0.09174562245607376,0.3502961993217468,,True,
blue_white_vase_n5_r32_ts42__base__p07__gs22,blue_white_vase_n5_r32_ts42,blue_white_vase,p07,22,base,,32,5,0.11868774145841599,0.3778543770313263,,True,
blue_white_vase_n5_r32_ts42__base__p07__gs33,blue_white_vase_n5_r32_ts42,blue_white_vase,p07,33,base,,32,5,0.20503875613212585,0.3483576774597168,,True,
blue_white_vase_n5_r32_ts42__base__p07__gs44,blue_white_vase_n5_r32_ts42,blue_white_vase,p07,44,base,,32,5,0.08500958979129791,0.3430471420288086,,True,
blue_white_vase_n5_r32_ts42__base__p08__gs11,blue_white_vase_n5_r32_ts42,blue_white_vase,p08,11,base,,32,5,0.11083057522773743,0.3319302201271057,,True,
blue_white_vase_n5_r32_ts42__base__p08__gs22,blue_white_vase_n5_r32_ts42,blue_white_vase,p08,22,base,,32,5,0.14291736483573914,0.35336047410964966,,True,
blue_white_vase_n5_r32_ts42__base__p08__gs33,blue_white_vase_n5_r32_ts42,blue_white_vase,p08,33,base,,32,5,0.14689776301383972,0.345348596572876,,True,
blue_white_vase_n5_r32_ts42__base__p08__gs44,blue_white_vase_n5_r32_ts42,blue_white_vase,p08,44,base,,32,5,0.035850975662469864,0.3365125358104706,,True,
blue_white_vase_n5_r4_ts42__adapter__p01__gs11,blue_white_vase_n5_r4_ts42,blue_white_vase,p01,11,adapter,,4,5,0.5037672519683838,0.30236268043518066,,True,
blue_white_vase_n5_r4_ts42__adapter__p01__gs22,blue_white_vase_n5_r4_ts42,blue_white_vase,p01,22,adapter,,4,5,0.42722469568252563,0.3141184449195862,,True,
blue_white_vase_n5_r4_ts42__adapter__p01__gs33,blue_white_vase_n5_r4_ts42,blue_white_vase,p01,33,adapter,,4,5,0.5228202939033508,0.30470383167266846,,True,
blue_white_vase_n5_r4_ts42__adapter__p01__gs44,blue_white_vase_n5_r4_ts42,blue_white_vase,p01,44,adapter,,4,5,0.5318237543106079,0.30557531118392944,,True,
blue_white_vase_n5_r4_ts42__adapter__p02__gs11,blue_white_vase_n5_r4_ts42,blue_white_vase,p02,11,adapter,,4,5,0.4688109755516052,0.2941686511039734,,True,
blue_white_vase_n5_r4_ts42__adapter__p02__gs22,blue_white_vase_n5_r4_ts42,blue_white_vase,p02,22,adapter,,4,5,0.47177594900131226,0.3008654713630676,,True,
blue_white_vase_n5_r4_ts42__adapter__p02__gs33,blue_white_vase_n5_r4_ts42,blue_white_vase,p02,33,adapter,,4,5,0.47632479667663574,0.28508514165878296,,True,
blue_white_vase_n5_r4_ts42__adapter__p02__gs44,blue_white_vase_n5_r4_ts42,blue_white_vase,p02,44,adapter,,4,5,0.5041120052337646,0.29234370589256287,,True,
blue_white_vase_n5_r4_ts42__adapter__p03__gs11,blue_white_vase_n5_r4_ts42,blue_white_vase,p03,11,adapter,,4,5,0.0718412697315216,0.23229117691516876,,True,
blue_white_vase_n5_r4_ts42__adapter__p03__gs22,blue_white_vase_n5_r4_ts42,blue_white_vase,p03,22,adapter,,4,5,0.44858571887016296,0.29015427827835083,,True,
blue_white_vase_n5_r4_ts42__adapter__p03__gs33,blue_white_vase_n5_r4_ts42,blue_white_vase,p03,33,adapter,,4,5,0.4814857840538025,0.29066771268844604,,True,
blue_white_vase_n5_r4_ts42__adapter__p03__gs44,blue_white_vase_n5_r4_ts42,blue_white_vase,p03,44,adapter,,4,5,0.5080284476280212,0.3128238916397095,,True,
blue_white_vase_n5_r4_ts42__adapter__p04__gs11,blue_white_vase_n5_r4_ts42,blue_white_vase,p04,11,adapter,,4,5,0.3385138511657715,0.34267452359199524,,True,
blue_white_vase_n5_r4_ts42__adapter__p04__gs22,blue_white_vase_n5_r4_ts42,blue_white_vase,p04,22,adapter,,4,5,0.42158737778663635,0.3021467924118042,,True,
blue_white_vase_n5_r4_ts42__adapter__p04__gs33,blue_white_vase_n5_r4_ts42,blue_white_vase,p04,33,adapter,,4,5,0.32998526096343994,0.3122188448905945,,True,
blue_white_vase_n5_r4_ts42__adapter__p04__gs44,blue_white_vase_n5_r4_ts42,blue_white_vase,p04,44,adapter,,4,5,0.22043080627918243,0.3465110659599304,,True,
blue_white_vase_n5_r4_ts42__adapter__p05__gs11,blue_white_vase_n5_r4_ts42,blue_white_vase,p05,11,adapter,,4,5,0.44468939304351807,0.29991063475608826,,True,
blue_white_vase_n5_r4_ts42__adapter__p05__gs22,blue_white_vase_n5_r4_ts42,blue_white_vase,p05,22,adapter,,4,5,0.4746871888637543,0.31222009658813477,,True,
blue_white_vase_n5_r4_ts42__adapter__p05__gs33,blue_white_vase_n5_r4_ts42,blue_white_vase,p05,33,adapter,,4,5,0.5122920870780945,0.30692344903945923,,True,
blue_white_vase_n5_r4_ts42__adapter__p05__gs44,blue_white_vase_n5_r4_ts42,blue_white_vase,p05,44,adapter,,4,5,0.4777403473854065,0.2973426282405853,,True,
blue_white_vase_n5_r4_ts42__adapter__p06__gs11,blue_white_vase_n5_r4_ts42,blue_white_vase,p06,11,adapter,,4,5,0.5213943719863892,0.31741422414779663,,True,
blue_white_vase_n5_r4_ts42__adapter__p06__gs22,blue_white_vase_n5_r4_ts42,blue_white_vase,p06,22,adapter,,4,5,0.5359500050544739,0.31231409311294556,,True,
blue_white_vase_n5_r4_ts42__adapter__p06__gs33,blue_white_vase_n5_r4_ts42,blue_white_vase,p06,33,adapter,,4,5,0.45474809408187866,0.31409788131713867,,True,
blue_white_vase_n5_r4_ts42__adapter__p06__gs44,blue_white_vase_n5_r4_ts42,blue_white_vase,p06,44,adapter,,4,5,0.5123093724250793,0.304443359375,,True,
blue_white_vase_n5_r4_ts42__adapter__p07__gs11,blue_white_vase_n5_r4_ts42,blue_white_vase,p07,11,adapter,,4,5,0.5023549795150757,0.2714916467666626,,True,
blue_white_vase_n5_r4_ts42__adapter__p07__gs22,blue_white_vase_n5_r4_ts42,blue_white_vase,p07,22,adapter,,4,5,0.5167263746261597,0.2816484570503235,,True,
blue_white_vase_n5_r4_ts42__adapter__p07__gs33,blue_white_vase_n5_r4_ts42,blue_white_vase,p07,33,adapter,,4,5,0.0718412697315216,0.22588220238685608,,True,
blue_white_vase_n5_r4_ts42__adapter__p07__gs44,blue_white_vase_n5_r4_ts42,blue_white_vase,p07,44,adapter,,4,5,0.5019609928131104,0.2863616645336151,,True,
blue_white_vase_n5_r4_ts42__adapter__p08__gs11,blue_white_vase_n5_r4_ts42,blue_white_vase,p08,11,adapter,,4,5,0.39478880167007446,0.30229848623275757,,True,
blue_white_vase_n5_r4_ts42__adapter__p08__gs22,blue_white_vase_n5_r4_ts42,blue_white_vase,p08,22,adapter,,4,5,0.23814819753170013,0.3102251887321472,,True,
blue_white_vase_n5_r4_ts42__adapter__p08__gs33,blue_white_vase_n5_r4_ts42,blue_white_vase,p08,33,adapter,,4,5,0.2410755455493927,0.28457075357437134,,True,
blue_white_vase_n5_r4_ts42__adapter__p08__gs44,blue_white_vase_n5_r4_ts42,blue_white_vase,p08,44,adapter,,4,5,0.20923101902008057,0.33251821994781494,,True,
blue_white_vase_n5_r4_ts42__base__p01__gs11,blue_white_vase_n5_r4_ts42,blue_white_vase,p01,11,base,,4,5,0.3205440044403076,0.30510014295578003,,True,
blue_white_vase_n5_r4_ts42__base__p01__gs22,blue_white_vase_n5_r4_ts42,blue_white_vase,p01,22,base,,4,5,0.19427135586738586,0.30414843559265137,,True,
blue_white_vase_n5_r4_ts42__base__p01__gs33,blue_white_vase_n5_r4_ts42,blue_white_vase,p01,33,base,,4,5,0.35593774914741516,0.29632171988487244,,True,
blue_white_vase_n5_r4_ts42__base__p01__gs44,blue_white_vase_n5_r4_ts42,blue_white_vase,p01,44,base,,4,5,0.2829558849334717,0.3086124062538147,,True,
blue_white_vase_n5_r4_ts42__base__p02__gs11,blue_white_vase_n5_r4_ts42,blue_white_vase,p02,11,base,,4,5,0.20940792560577393,0.2816229462623596,,True,
blue_white_vase_n5_r4_ts42__base__p02__gs22,blue_white_vase_n5_r4_ts42,blue_white_vase,p02,22,base,,4,5,0.3225039839744568,0.31254592537879944,,True,
blue_white_vase_n5_r4_ts42__base__p02__gs33,blue_white_vase_n5_r4_ts42,blue_white_vase,p02,33,base,,4,5,0.3741879463195801,0.30516481399536133,,True,
blue_white_vase_n5_r4_ts42__base__p02__gs44,blue_white_vase_n5_r4_ts42,blue_white_vase,p02,44,base,,4,5,0.2839949429035187,0.3110966682434082,,True,
blue_white_vase_n5_r4_ts42__base__p03__gs11,blue_white_vase_n5_r4_ts42,blue_white_vase,p03,11,base,,4,5,0.2067963182926178,0.27539604902267456,,True,
blue_white_vase_n5_r4_ts42__base__p03__gs22,blue_white_vase_n5_r4_ts42,blue_white_vase,p03,22,base,,4,5,0.1383935809135437,0.32566821575164795,,True,
blue_white_vase_n5_r4_ts42__base__p03__gs33,blue_white_vase_n5_r4_ts42,blue_white_vase,p03,33,base,,4,5,0.1757514774799347,0.3151547312736511,,True,
blue_white_vase_n5_r4_ts42__base__p03__gs44,blue_white_vase_n5_r4_ts42,blue_white_vase,p03,44,base,,4,5,0.0524129793047905,0.3041538596153259,,True,
blue_white_vase_n5_r4_ts42__base__p04__gs11,blue_white_vase_n5_r4_ts42,blue_white_vase,p04,11,base,,4,5,0.16707277297973633,0.33139681816101074,,True,
blue_white_vase_n5_r4_ts42__base__p04__gs22,blue_white_vase_n5_r4_ts42,blue_white_vase,p04,22,base,,4,5,0.08763765543699265,0.3476702570915222,,True,
blue_white_vase_n5_r4_ts42__base__p04__gs33,blue_white_vase_n5_r4_ts42,blue_white_vase,p04,33,base,,4,5,0.12526102364063263,0.3385661542415619,,True,
blue_white_vase_n5_r4_ts42__base__p04__gs44,blue_white_vase_n5_r4_ts42,blue_white_vase,p04,44,base,,4,5,0.041899219155311584,0.33361947536468506,,True,
blue_white_vase_n5_r4_ts42__base__p05__gs11,blue_white_vase_n5_r4_ts42,blue_white_vase,p05,11,base,,4,5,0.3287419378757477,0.29790619015693665,,True,
blue_white_vase_n5_r4_ts42__base__p05__gs22,blue_white_vase_n5_r4_ts42,blue_white_vase,p05,22,base,,4,5,0.1278151124715805,0.307233989238739,,True,
blue_white_vase_n5_r4_ts42__base__p05__gs33,blue_white_vase_n5_r4_ts42,blue_white_vase,p05,33,base,,4,5,0.39861562848091125,0.3027408719062805,,True,
blue_white_vase_n5_r4_ts42__base__p05__gs44,blue_white_vase_n5_r4_ts42,blue_white_vase,p05,44,base,,4,5,0.19044849276542664,0.29453346133232117,,True,
blue_white_vase_n5_r4_ts42__base__p06__gs11,blue_white_vase_n5_r4_ts42,blue_white_vase,p06,11,base,,4,5,0.34580886363983154,0.3316464424133301,,True,
blue_white_vase_n5_r4_ts42__base__p06__gs22,blue_white_vase_n5_r4_ts42,blue_white_vase,p06,22,base,,4,5,0.31805315613746643,0.339304655790329,,True,
blue_white_vase_n5_r4_ts42__base__p06__gs33,blue_white_vase_n5_r4_ts42,blue_white_vase,p06,33,base,,4,5,0.3399621844291687,0.2935997247695923,,True,
blue_white_vase_n5_r4_ts42__base__p06__gs44,blue_white_vase_n5_r4_ts42,blue_white_vase,p06,44,base,,4,5,0.29284772276878357,0.3216298818588257,,True,
blue_white_vase_n5_r4_ts42__base__p07__gs11,blue_white_vase_n5_r4_ts42,blue_white_vase,p07,11,base,,4,5,0.09174562245607376,0.3502961993217468,,True,
blue_white_vase_n5_r4_ts42__base__p07__gs22,blue_white_vase_n5_r4_ts42,blue_white_vase,p07,22,base,,4,5,0.11868774145841599,0.3778543770313263,,True,
blue_white_vase_n5_r4_ts42__base__p07__gs33,blue_white_vase_n5_r4_ts42,blue_white_vase,p07,33,base,,4,5,0.20503875613212585,0.3483576774597168,,True,
blue_white_vase_n5_r4_ts42__base__p07__gs44,blue_white_vase_n5_r4_ts42,blue_white_vase,p07,44,base,,4,5,0.08500958979129791,0.3430471420288086,,True,
blue_white_vase_n5_r4_ts42__base__p08__gs11,blue_white_vase_n5_r4_ts42,blue_white_vase,p08,11,base,,4,5,0.11083057522773743,0.3319302201271057,,True,
blue_white_vase_n5_r4_ts42__base__p08__gs22,blue_white_vase_n5_r4_ts42,blue_white_vase,p08,22,base,,4,5,0.14291736483573914,0.35336047410964966,,True,
blue_white_vase_n5_r4_ts42__base__p08__gs33,blue_white_vase_n5_r4_ts42,blue_white_vase,p08,33,base,,4,5,0.14689776301383972,0.345348596572876,,True,
blue_white_vase_n5_r4_ts42__base__p08__gs44,blue_white_vase_n5_r4_ts42,blue_white_vase,p08,44,base,,4,5,0.035850975662469864,0.3365125358104706,,True,
cat_mug_n10_r16_ts42__adapter__p01__gs11,cat_mug_n10_r16_ts42,cat_mug,p01,11,adapter,,16,10,,,,False,DINO: generated image does not exist: /home/adminbum/Deepfinal/artifacts/cat_mug_n10_r16_ts42/generations/evaluation/adapter/cat_mug_n10_r16_ts42__p01__gs11.png; CLIP: generated image does not exist: /home/adminbum/Deepfinal/artifacts/cat_mug_n10_r16_ts42/generations/evaluation/adapter/cat_mug_n10_r16_ts42__p01__gs11.png
cat_mug_n10_r16_ts42__adapter__p01__gs22,cat_mug_n10_r16_ts42,cat_mug,p01,22,adapter,,16,10,,,,False,DINO: generated image does not exist: /home/adminbum/Deepfinal/artifacts/cat_mug_n10_r16_ts42/generations/evaluation/adapter/cat_mug_n10_r16_ts42__p01__gs22.png; CLIP: generated image does not exist: /home/adminbum/Deepfinal/artifacts/cat_mug_n10_r16_ts42/generations/evaluation/adapter/cat_mug_n10_r16_ts42__p01__gs22.png
cat_mug_n10_r16_ts42__adapter__p01__gs33,cat_mug_n10_r16_ts42,cat_mug,p01,33,adapter,,16,10,,,,False,DINO: generated image does not exist: /home/adminbum/Deepfinal/artifacts/cat_mug_n10_r16_ts42/generations/evaluation/adapter/cat_mug_n10_r16_ts42__p01__gs33.png; CLIP: generated image does not exist: /home/adminbum/Deepfinal/artifacts/cat_mug_n10_r16_ts42/generations/evaluation/adapter/cat_mug_n10_r16_ts42__p01__gs33.png
cat_mug_n10_r16_ts42__adapter__p01__gs44,cat_mug_n10_r16_ts42,cat_mug,p01,44,adapter,,16,10,,,,False,DINO: generated image does not exist: /home/adminbum/Deepfinal/artifacts/cat_mug_n10_r16_ts42/generations/evaluation/adapter/cat_mug_n10_r16_ts42__p01__gs44.png; CLIP: generated image does not exist: /home/adminbum/Deepfinal/artifacts/cat_mug_n10_r16_ts42/generations/evaluation/adapter/cat_mug_n10_r16_ts42__p01__gs44.png
cat_mug_n10_r16_ts42__adapter__p02__gs11,cat_mug_n10_r16_ts42,cat_mug,p02,11,adapter,,16,10,,,,False,DINO: generated image does not exist: /home/adminbum/Deepfinal/artifacts/cat_mug_n10_r16_ts42/generations/evaluation/adapter/cat_mug_n10_r16_ts42__p02__gs11.png; CLIP: generated image does not exist: /home/adminbum/Deepfinal/artifacts/cat_mug_n10_r16_ts42/generations/evaluation/adapter/cat_mug_n10_r16_ts42__p02__gs11.png
cat_mug_n10_r16_ts42__adapter__p02__gs22,cat_mug_n10_r16_ts42,cat_mug,p02,22,adapter,,16,10,,,,False,DINO: generated image does not exist: /home/adminbum/Deepfinal/artifacts/cat_mug_n10_r16_ts42/generations/evaluation/adapter/cat_mug_n10_r16_ts42__p02__gs22.png; CLIP: generated image does not exist: /home/adminbum/Deepfinal/artifacts/cat_mug_n10_r16_ts42/generations/evaluation/adapter/cat_mug_n10_r16_ts42__p02__gs22.png
cat_mug_n10_r16_ts42__adapter__p02__gs33,cat_mug_n10_r16_ts42,cat_mug,p02,33,adapter,,16,10,,,,False,DINO: generated image does not exist: /home/adminbum/Deepfinal/artifacts/cat_mug_n10_r16_ts42/generations/evaluation/adapter/cat_mug_n10_r16_ts42__p02__gs33.png; CLIP: generated image does not exist: /home/adminbum/Deepfinal/artifacts/cat_mug_n10_r16_ts42/generations/evaluation/adapter/cat_mug_n10_r16_ts42__p02__gs33.png
cat_mug_n10_r16_ts42__adapter__p02__gs44,cat_mug_n10_r16_ts42,cat_mug,p02,44,adapter,,16,10,,,,False,DINO: generated image does not exist: /home/adminbum/Deepfinal/artifacts/cat_mug_n10_r16_ts42/generations/evaluation/adapter/cat_mug_n10_r16_ts42__p02__gs44.png; CLIP: generated image does not exist: /home/adminbum/Deepfinal/artifacts/cat_mug_n10_r16_ts42/generations/evaluation/adapter/cat_mug_n10_r16_ts42__p02__gs44.png
cat_mug_n10_r16_ts42__adapter__p03__gs11,cat_mug_n10_r16_ts42,cat_mug,p03,11,adapter,,16,10,,,,False,DINO: generated image does not exist: /home/adminbum/Deepfinal/artifacts/cat_mug_n10_r16_ts42/generations/evaluation/adapter/cat_mug_n10_r16_ts42__p03__gs11.png; CLIP: generated image does not exist: /home/adminbum/Deepfinal/artifacts/cat_mug_n10_r16_ts42/generations/evaluation/adapter/cat_mug_n10_r16_ts42__p03__gs11.png
cat_mug_n10_r16_ts42__adapter__p03__gs22,cat_mug_n10_r16_ts42,cat_mug,p03,22,adapter,,16,10,,,,False,DINO: generated image does not exist: /home/adminbum/Deepfinal/artifacts/cat_mug_n10_r16_ts42/generations/evaluation/adapter/cat_mug_n10_r16_ts42__p03__gs22.png; CLIP: generated image does not exist: /home/adminbum/Deepfinal/artifacts/cat_mug_n10_r16_ts42/generations/evaluation/adapter/cat_mug_n10_r16_ts42__p03__gs22.png
cat_mug_n10_r16_ts42__adapter__p03__gs33,cat_mug_n10_r16_ts42,cat_mug,p03,33,adapter,,16,10,,,,False,DINO: generated image does not exist: /home/adminbum/Deepfinal/artifacts/cat_mug_n10_r16_ts42/generations/evaluation/adapter/cat_mug_n10_r16_ts42__p03__gs33.png; CLIP: generated image does not exist: /home/adminbum/Deepfinal/artifacts/cat_mug_n10_r16_ts42/generations/evaluation/adapter/cat_mug_n10_r16_ts42__p03__gs33.png
cat_mug_n10_r16_ts42__adapter__p03__gs44,cat_mug_n10_r16_ts42,cat_mug,p03,44,adapter,,16,10,,,,False,DINO: generated image does not exist: /home/adminbum/Deepfinal/artifacts/cat_mug_n10_r16_ts42/generations/evaluation/adapter/cat_mug_n10_r16_ts42__p03__gs44.png; CLIP: generated image does not exist: /home/adminbum/Deepfinal/artifacts/cat_mug_n10_r16_ts42/generations/evaluation/adapter/cat_mug_n10_r16_ts42__p03__gs44.png
cat_mug_n10_r16_ts42__adapter__p04__gs11,cat_mug_n10_r16_ts42,cat_mug,p04,11,adapter,,16,10,,,,False,DINO: generated image does not exist: /home/adminbum/Deepfinal/artifacts/cat_mug_n10_r16_ts42/generations/evaluation/adapter/cat_mug_n10_r16_ts42__p04__gs11.png; CLIP: generated image does not exist: /home/adminbum/Deepfinal/artifacts/cat_mug_n10_r16_ts42/generations/evaluation/adapter/cat_mug_n10_r16_ts42__p04__gs11.png
cat_mug_n10_r16_ts42__adapter__p04__gs22,cat_mug_n10_r16_ts42,cat_mug,p04,22,adapter,,16,10,,,,False,DINO: generated image does not exist: /home/adminbum/Deepfinal/artifacts/cat_mug_n10_r16_ts42/generations/evaluation/adapter/cat_mug_n10_r16_ts42__p04__gs22.png; CLIP: generated image does not exist: /home/adminbum/Deepfinal/artifacts/cat_mug_n10_r16_ts42/generations/evaluation/adapter/cat_mug_n10_r16_ts42__p04__gs22.png
cat_mug_n10_r16_ts42__adapter__p04__gs33,cat_mug_n10_r16_ts42,cat_mug,p04,33,adapter,,16,10,,,,False,DINO: generated image does not exist: /home/adminbum/Deepfinal/artifacts/cat_mug_n10_r16_ts42/generations/evaluation/adapter/cat_mug_n10_r16_ts42__p04__gs33.png; CLIP: generated image does not exist: /home/adminbum/Deepfinal/artifacts/cat_mug_n10_r16_ts42/generations/evaluation/adapter/cat_mug_n10_r16_ts42__p04__gs33.png
cat_mug_n10_r16_ts42__adapter__p04__gs44,cat_mug_n10_r16_ts42,cat_mug,p04,44,adapter,,16,10,,,,False,DINO: generated image does not exist: /home/adminbum/Deepfinal/artifacts/cat_mug_n10_r16_ts42/generations/evaluation/adapter/cat_mug_n10_r16_ts42__p04__gs44.png; CLIP: generated image does not exist: /home/adminbum/Deepfinal/artifacts/cat_mug_n10_r16_ts42/generations/evaluation/adapter/cat_mug_n10_r16_ts42__p04__gs44.png
cat_mug_n10_r16_ts42__adapter__p05__gs11,cat_mug_n10_r16_ts42,cat_mug,p05,11,adapter,,16,10,,,,False,DINO: generated image does not exist: /home/adminbum/Deepfinal/artifacts/cat_mug_n10_r16_ts42/generations/evaluation/adapter/cat_mug_n10_r16_ts42__p05__gs11.png; CLIP: generated image does not exist: /home/adminbum/Deepfinal/artifacts/cat_mug_n10_r16_ts42/generations/evaluation/adapter/cat_mug_n10_r16_ts42__p05__gs11.png
cat_mug_n10_r16_ts42__adapter__p05__gs22,cat_mug_n10_r16_ts42,cat_mug,p05,22,adapter,,16,10,,,,False,DINO: generated image does not exist: /home/adminbum/Deepfinal/artifacts/cat_mug_n10_r16_ts42/generations/evaluation/adapter/cat_mug_n10_r16_ts42__p05__gs22.png; CLIP: generated image does not exist: /home/adminbum/Deepfinal/artifacts/cat_mug_n10_r16_ts42/generations/evaluation/adapter/cat_mug_n10_r16_ts42__p05__gs22.png
cat_mug_n10_r16_ts42__adapter__p05__gs33,cat_mug_n10_r16_ts42,cat_mug,p05,33,adapter,,16,10,,,,False,DINO: generated image does not exist: /home/adminbum/Deepfinal/artifacts/cat_mug_n10_r16_ts42/generations/evaluation/adapter/cat_mug_n10_r16_ts42__p05__gs33.png; CLIP: generated image does not exist: /home/adminbum/Deepfinal/artifacts/cat_mug_n10_r16_ts42/generations/evaluation/adapter/cat_mug_n10_r16_ts42__p05__gs33.png
cat_mug_n10_r16_ts42__adapter__p05__gs44,cat_mug_n10_r16_ts42,cat_mug,p05,44,adapter,,16,10,,,,False,DINO: generated image does not exist: /home/adminbum/Deepfinal/artifacts/cat_mug_n10_r16_ts42/generations/evaluation/adapter/cat_mug_n10_r16_ts42__p05__gs44.png; CLIP: generated image does not exist: /home/adminbum/Deepfinal/artifacts/cat_mug_n10_r16_ts42/generations/evaluation/adapter/cat_mug_n10_r16_ts42__p05__gs44.png
cat_mug_n10_r16_ts42__adapter__p06__gs11,cat_mug_n10_r16_ts42,cat_mug,p06,11,adapter,,16,10,,,,False,DINO: generated image does not exist: /home/adminbum/Deepfinal/artifacts/cat_mug_n10_r16_ts42/generations/evaluation/adapter/cat_mug_n10_r16_ts42__p06__gs11.png; CLIP: generated image does not exist: /home/adminbum/Deepfinal/artifacts/cat_mug_n10_r16_ts42/generations/evaluation/adapter/cat_mug_n10_r16_ts42__p06__gs11.png
cat_mug_n10_r16_ts42__adapter__p06__gs22,cat_mug_n10_r16_ts42,cat_mug,p06,22,adapter,,16,10,,,,False,DINO: generated image does not exist: /home/adminbum/Deepfinal/artifacts/cat_mug_n10_r16_ts42/generations/evaluation/adapter/cat_mug_n10_r16_ts42__p06__gs22.png; CLIP: generated image does not exist: /home/adminbum/Deepfinal/artifacts/cat_mug_n10_r16_ts42/generations/evaluation/adapter/cat_mug_n10_r16_ts42__p06__gs22.png
cat_mug_n10_r16_ts42__adapter__p06__gs33,cat_mug_n10_r16_ts42,cat_mug,p06,33,adapter,,16,10,,,,False,DINO: generated image does not exist: /home/adminbum/Deepfinal/artifacts/cat_mug_n10_r16_ts42/generations/evaluation/adapter/cat_mug_n10_r16_ts42__p06__gs33.png; CLIP: generated image does not exist: /home/adminbum/Deepfinal/artifacts/cat_mug_n10_r16_ts42/generations/evaluation/adapter/cat_mug_n10_r16_ts42__p06__gs33.png
cat_mug_n10_r16_ts42__adapter__p06__gs44,cat_mug_n10_r16_ts42,cat_mug,p06,44,adapter,,16,10,,,,False,DINO: generated image does not exist: /home/adminbum/Deepfinal/artifacts/cat_mug_n10_r16_ts42/generations/evaluation/adapter/cat_mug_n10_r16_ts42__p06__gs44.png; CLIP: generated image does not exist: /home/adminbum/Deepfinal/artifacts/cat_mug_n10_r16_ts42/generations/evaluation/adapter/cat_mug_n10_r16_ts42__p06__gs44.png
cat_mug_n10_r16_ts42__adapter__p07__gs11,cat_mug_n10_r16_ts42,cat_mug,p07,11,adapter,,16,10,,,,False,DINO: generated image does not exist: /home/adminbum/Deepfinal/artifacts/cat_mug_n10_r16_ts42/generations/evaluation/adapter/cat_mug_n10_r16_ts42__p07__gs11.png; CLIP: generated image does not exist: /home/adminbum/Deepfinal/artifacts/cat_mug_n10_r16_ts42/generations/evaluation/adapter/cat_mug_n10_r16_ts42__p07__gs11.png
cat_mug_n10_r16_ts42__adapter__p07__gs22,cat_mug_n10_r16_ts42,cat_mug,p07,22,adapter,,16,10,,,,False,DINO: generated image does not exist: /home/adminbum/Deepfinal/artifacts/cat_mug_n10_r16_ts42/generations/evaluation/adapter/cat_mug_n10_r16_ts42__p07__gs22.png; CLIP: generated image does not exist: /home/adminbum/Deepfinal/artifacts/cat_mug_n10_r16_ts42/generations/evaluation/adapter/cat_mug_n10_r16_ts42__p07__gs22.png
cat_mug_n10_r16_ts42__adapter__p07__gs33,cat_mug_n10_r16_ts42,cat_mug,p07,33,adapter,,16,10,,,,False,DINO: generated image does not exist: /home/adminbum/Deepfinal/artifacts/cat_mug_n10_r16_ts42/generations/evaluation/adapter/cat_mug_n10_r16_ts42__p07__gs33.png; CLIP: generated image does not exist: /home/adminbum/Deepfinal/artifacts/cat_mug_n10_r16_ts42/generations/evaluation/adapter/cat_mug_n10_r16_ts42__p07__gs33.png
cat_mug_n10_r16_ts42__adapter__p07__gs44,cat_mug_n10_r16_ts42,cat_mug,p07,44,adapter,,16,10,,,,False,DINO: generated image does not exist: /home/adminbum/Deepfinal/artifacts/cat_mug_n10_r16_ts42/generations/evaluation/adapter/cat_mug_n10_r16_ts42__p07__gs44.png; CLIP: generated image does not exist: /home/adminbum/Deepfinal/artifacts/cat_mug_n10_r16_ts42/generations/evaluation/adapter/cat_mug_n10_r16_ts42__p07__gs44.png
cat_mug_n10_r16_ts42__adapter__p08__gs11,cat_mug_n10_r16_ts42,cat_mug,p08,11,adapter,,16,10,,,,False,DINO: generated image does not exist: /home/adminbum/Deepfinal/artifacts/cat_mug_n10_r16_ts42/generations/evaluation/adapter/cat_mug_n10_r16_ts42__p08__gs11.png; CLIP: generated image does not exist: /home/adminbum/Deepfinal/artifacts/cat_mug_n10_r16_ts42/generations/evaluation/adapter/cat_mug_n10_r16_ts42__p08__gs11.png
cat_mug_n10_r16_ts42__adapter__p08__gs22,cat_mug_n10_r16_ts42,cat_mug,p08,22,adapter,,16,10,,,,False,DINO: generated image does not exist: /home/adminbum/Deepfinal/artifacts/cat_mug_n10_r16_ts42/generations/evaluation/adapter/cat_mug_n10_r16_ts42__p08__gs22.png; CLIP: generated image does not exist: /home/adminbum/Deepfinal/artifacts/cat_mug_n10_r16_ts42/generations/evaluation/adapter/cat_mug_n10_r16_ts42__p08__gs22.png
cat_mug_n10_r16_ts42__adapter__p08__gs33,cat_mug_n10_r16_ts42,cat_mug,p08,33,adapter,,16,10,,,,False,DINO: generated image does not exist: /home/adminbum/Deepfinal/artifacts/cat_mug_n10_r16_ts42/generations/evaluation/adapter/cat_mug_n10_r16_ts42__p08__gs33.png; CLIP: generated image does not exist: /home/adminbum/Deepfinal/artifacts/cat_mug_n10_r16_ts42/generations/evaluation/adapter/cat_mug_n10_r16_ts42__p08__gs33.png
cat_mug_n10_r16_ts42__adapter__p08__gs44,cat_mug_n10_r16_ts42,cat_mug,p08,44,adapter,,16,10,,,,False,DINO: generated image does not exist: /home/adminbum/Deepfinal/artifacts/cat_mug_n10_r16_ts42/generations/evaluation/adapter/cat_mug_n10_r16_ts42__p08__gs44.png; CLIP: generated image does not exist: /home/adminbum/Deepfinal/artifacts/cat_mug_n10_r16_ts42/generations/evaluation/adapter/cat_mug_n10_r16_ts42__p08__gs44.png
cat_mug_n10_r16_ts42__base__p01__gs11,cat_mug_n10_r16_ts42,cat_mug,p01,11,base,,16,10,,,,False,DINO: generated image does not exist: /home/adminbum/Deepfinal/artifacts/cat_mug_n10_r16_ts42/generations/evaluation/base/cat_mug_n10_r16_ts42__p01__gs11.png; CLIP: generated image does not exist: /home/adminbum/Deepfinal/artifacts/cat_mug_n10_r16_ts42/generations/evaluation/base/cat_mug_n10_r16_ts42__p01__gs11.png
cat_mug_n10_r16_ts42__base__p01__gs22,cat_mug_n10_r16_ts42,cat_mug,p01,22,base,,16,10,,,,False,DINO: generated image does not exist: /home/adminbum/Deepfinal/artifacts/cat_mug_n10_r16_ts42/generations/evaluation/base/cat_mug_n10_r16_ts42__p01__gs22.png; CLIP: generated image does not exist: /home/adminbum/Deepfinal/artifacts/cat_mug_n10_r16_ts42/generations/evaluation/base/cat_mug_n10_r16_ts42__p01__gs22.png
cat_mug_n10_r16_ts42__base__p01__gs33,cat_mug_n10_r16_ts42,cat_mug,p01,33,base,,16,10,,,,False,DINO: generated image does not exist: /home/adminbum/Deepfinal/artifacts/cat_mug_n10_r16_ts42/generations/evaluation/base/cat_mug_n10_r16_ts42__p01__gs33.png; CLIP: generated image does not exist: /home/adminbum/Deepfinal/artifacts/cat_mug_n10_r16_ts42/generations/evaluation/base/cat_mug_n10_r16_ts42__p01__gs33.png
cat_mug_n10_r16_ts42__base__p01__gs44,cat_mug_n10_r16_ts42,cat_mug,p01,44,base,,16,10,,,,False,DINO: generated image does not exist: /home/adminbum/Deepfinal/artifacts/cat_mug_n10_r16_ts42/generations/evaluation/base/cat_mug_n10_r16_ts42__p01__gs44.png; CLIP: generated image does not exist: /home/adminbum/Deepfinal/artifacts/cat_mug_n10_r16_ts42/generations/evaluation/base/cat_mug_n10_r16_ts42__p01__gs44.png
cat_mug_n10_r16_ts42__base__p02__gs11,cat_mug_n10_r16_ts42,cat_mug,p02,11,base,,16,10,,,,False,DINO: generated image does not exist: /home/adminbum/Deepfinal/artifacts/cat_mug_n10_r16_ts42/generations/evaluation/base/cat_mug_n10_r16_ts42__p02__gs11.png; CLIP: generated image does not exist: /home/adminbum/Deepfinal/artifacts/cat_mug_n10_r16_ts42/generations/evaluation/base/cat_mug_n10_r16_ts42__p02__gs11.png
cat_mug_n10_r16_ts42__base__p02__gs22,cat_mug_n10_r16_ts42,cat_mug,p02,22,base,,16,10,,,,False,DINO: generated image does not exist: /home/adminbum/Deepfinal/artifacts/cat_mug_n10_r16_ts42/generations/evaluation/base/cat_mug_n10_r16_ts42__p02__gs22.png; CLIP: generated image does not exist: /home/adminbum/Deepfinal/artifacts/cat_mug_n10_r16_ts42/generations/evaluation/base/cat_mug_n10_r16_ts42__p02__gs22.png
cat_mug_n10_r16_ts42__base__p02__gs33,cat_mug_n10_r16_ts42,cat_mug,p02,33,base,,16,10,,,,False,DINO: generated image does not exist: /home/adminbum/Deepfinal/artifacts/cat_mug_n10_r16_ts42/generations/evaluation/base/cat_mug_n10_r16_ts42__p02__gs33.png; CLIP: generated image does not exist: /home/adminbum/Deepfinal/artifacts/cat_mug_n10_r16_ts42/generations/evaluation/base/cat_mug_n10_r16_ts42__p02__gs33.png
cat_mug_n10_r16_ts42__base__p02__gs44,cat_mug_n10_r16_ts42,cat_mug,p02,44,base,,16,10,,,,False,DINO: generated image does not exist: /home/adminbum/Deepfinal/artifacts/cat_mug_n10_r16_ts42/generations/evaluation/base/cat_mug_n10_r16_ts42__p02__gs44.png; CLIP: generated image does not exist: /home/adminbum/Deepfinal/artifacts/cat_mug_n10_r16_ts42/generations/evaluation/base/cat_mug_n10_r16_ts42__p02__gs44.png
cat_mug_n10_r16_ts42__base__p03__gs11,cat_mug_n10_r16_ts42,cat_mug,p03,11,base,,16,10,,,,False,DINO: generated image does not exist: /home/adminbum/Deepfinal/artifacts/cat_mug_n10_r16_ts42/generations/evaluation/base/cat_mug_n10_r16_ts42__p03__gs11.png; CLIP: generated image does not exist: /home/adminbum/Deepfinal/artifacts/cat_mug_n10_r16_ts42/generations/evaluation/base/cat_mug_n10_r16_ts42__p03__gs11.png
cat_mug_n10_r16_ts42__base__p03__gs22,cat_mug_n10_r16_ts42,cat_mug,p03,22,base,,16,10,,,,False,DINO: generated image does not exist: /home/adminbum/Deepfinal/artifacts/cat_mug_n10_r16_ts42/generations/evaluation/base/cat_mug_n10_r16_ts42__p03__gs22.png; CLIP: generated image does not exist: /home/adminbum/Deepfinal/artifacts/cat_mug_n10_r16_ts42/generations/evaluation/base/cat_mug_n10_r16_ts42__p03__gs22.png
cat_mug_n10_r16_ts42__base__p03__gs33,cat_mug_n10_r16_ts42,cat_mug,p03,33,base,,16,10,,,,False,DINO: generated image does not exist: /home/adminbum/Deepfinal/artifacts/cat_mug_n10_r16_ts42/generations/evaluation/base/cat_mug_n10_r16_ts42__p03__gs33.png; CLIP: generated image does not exist: /home/adminbum/Deepfinal/artifacts/cat_mug_n10_r16_ts42/generations/evaluation/base/cat_mug_n10_r16_ts42__p03__gs33.png
cat_mug_n10_r16_ts42__base__p03__gs44,cat_mug_n10_r16_ts42,cat_mug,p03,44,base,,16,10,,,,False,DINO: generated image does not exist: /home/adminbum/Deepfinal/artifacts/cat_mug_n10_r16_ts42/generations/evaluation/base/cat_mug_n10_r16_ts42__p03__gs44.png; CLIP: generated image does not exist: /home/adminbum/Deepfinal/artifacts/cat_mug_n10_r16_ts42/generations/evaluation/base/cat_mug_n10_r16_ts42__p03__gs44.png
cat_mug_n10_r16_ts42__base__p04__gs11,cat_mug_n10_r16_ts42,cat_mug,p04,11,base,,16,10,,,,False,DINO: generated image does not exist: /home/adminbum/Deepfinal/artifacts/cat_mug_n10_r16_ts42/generations/evaluation/base/cat_mug_n10_r16_ts42__p04__gs11.png; CLIP: generated image does not exist: /home/adminbum/Deepfinal/artifacts/cat_mug_n10_r16_ts42/generations/evaluation/base/cat_mug_n10_r16_ts42__p04__gs11.png
cat_mug_n10_r16_ts42__base__p04__gs22,cat_mug_n10_r16_ts42,cat_mug,p04,22,base,,16,10,,,,False,DINO: generated image does not exist: /home/adminbum/Deepfinal/artifacts/cat_mug_n10_r16_ts42/generations/evaluation/base/cat_mug_n10_r16_ts42__p04__gs22.png; CLIP: generated image does not exist: /home/adminbum/Deepfinal/artifacts/cat_mug_n10_r16_ts42/generations/evaluation/base/cat_mug_n10_r16_ts42__p04__gs22.png
cat_mug_n10_r16_ts42__base__p04__gs33,cat_mug_n10_r16_ts42,cat_mug,p04,33,base,,16,10,,,,False,DINO: generated image does not exist: /home/adminbum/Deepfinal/artifacts/cat_mug_n10_r16_ts42/generations/evaluation/base/cat_mug_n10_r16_ts42__p04__gs33.png; CLIP: generated image does not exist: /home/adminbum/Deepfinal/artifacts/cat_mug_n10_r16_ts42/generations/evaluation/base/cat_mug_n10_r16_ts42__p04__gs33.png
cat_mug_n10_r16_ts42__base__p04__gs44,cat_mug_n10_r16_ts42,cat_mug,p04,44,base,,16,10,,,,False,DINO: generated image does not exist: /home/adminbum/Deepfinal/artifacts/cat_mug_n10_r16_ts42/generations/evaluation/base/cat_mug_n10_r16_ts42__p04__gs44.png; CLIP: generated image does not exist: /home/adminbum/Deepfinal/artifacts/cat_mug_n10_r16_ts42/generations/evaluation/base/cat_mug_n10_r16_ts42__p04__gs44.png
cat_mug_n10_r16_ts42__base__p05__gs11,cat_mug_n10_r16_ts42,cat_mug,p05,11,base,,16,10,,,,False,DINO: generated image does not exist: /home/adminbum/Deepfinal/artifacts/cat_mug_n10_r16_ts42/generations/evaluation/base/cat_mug_n10_r16_ts42__p05__gs11.png; CLIP: generated image does not exist: /home/adminbum/Deepfinal/artifacts/cat_mug_n10_r16_ts42/generations/evaluation/base/cat_mug_n10_r16_ts42__p05__gs11.png
cat_mug_n10_r16_ts42__base__p05__gs22,cat_mug_n10_r16_ts42,cat_mug,p05,22,base,,16,10,,,,False,DINO: generated image does not exist: /home/adminbum/Deepfinal/artifacts/cat_mug_n10_r16_ts42/generations/evaluation/base/cat_mug_n10_r16_ts42__p05__gs22.png; CLIP: generated image does not exist: /home/adminbum/Deepfinal/artifacts/cat_mug_n10_r16_ts42/generations/evaluation/base/cat_mug_n10_r16_ts42__p05__gs22.png
cat_mug_n10_r16_ts42__base__p05__gs33,cat_mug_n10_r16_ts42,cat_mug,p05,33,base,,16,10,,,,False,DINO: generated image does not exist: /home/adminbum/Deepfinal/artifacts/cat_mug_n10_r16_ts42/generations/evaluation/base/cat_mug_n10_r16_ts42__p05__gs33.png; CLIP: generated image does not exist: /home/adminbum/Deepfinal/artifacts/cat_mug_n10_r16_ts42/generations/evaluation/base/cat_mug_n10_r16_ts42__p05__gs33.png
cat_mug_n10_r16_ts42__base__p05__gs44,cat_mug_n10_r16_ts42,cat_mug,p05,44,base,,16,10,,,,False,DINO: generated image does not exist: /home/adminbum/Deepfinal/artifacts/cat_mug_n10_r16_ts42/generations/evaluation/base/cat_mug_n10_r16_ts42__p05__gs44.png; CLIP: generated image does not exist: /home/adminbum/Deepfinal/artifacts/cat_mug_n10_r16_ts42/generations/evaluation/base/cat_mug_n10_r16_ts42__p05__gs44.png
cat_mug_n10_r16_ts42__base__p06__gs11,cat_mug_n10_r16_ts42,cat_mug,p06,11,base,,16,10,,,,False,DINO: generated image does not exist: /home/adminbum/Deepfinal/artifacts/cat_mug_n10_r16_ts42/generations/evaluation/base/cat_mug_n10_r16_ts42__p06__gs11.png; CLIP: generated image does not exist: /home/adminbum/Deepfinal/artifacts/cat_mug_n10_r16_ts42/generations/evaluation/base/cat_mug_n10_r16_ts42__p06__gs11.png
cat_mug_n10_r16_ts42__base__p06__gs22,cat_mug_n10_r16_ts42,cat_mug,p06,22,base,,16,10,,,,False,DINO: generated image does not exist: /home/adminbum/Deepfinal/artifacts/cat_mug_n10_r16_ts42/generations/evaluation/base/cat_mug_n10_r16_ts42__p06__gs22.png; CLIP: generated image does not exist: /home/adminbum/Deepfinal/artifacts/cat_mug_n10_r16_ts42/generations/evaluation/base/cat_mug_n10_r16_ts42__p06__gs22.png
cat_mug_n10_r16_ts42__base__p06__gs33,cat_mug_n10_r16_ts42,cat_mug,p06,33,base,,16,10,,,,False,DINO: generated image does not exist: /home/adminbum/Deepfinal/artifacts/cat_mug_n10_r16_ts42/generations/evaluation/base/cat_mug_n10_r16_ts42__p06__gs33.png; CLIP: generated image does not exist: /home/adminbum/Deepfinal/artifacts/cat_mug_n10_r16_ts42/generations/evaluation/base/cat_mug_n10_r16_ts42__p06__gs33.png
cat_mug_n10_r16_ts42__base__p06__gs44,cat_mug_n10_r16_ts42,cat_mug,p06,44,base,,16,10,,,,False,DINO: generated image does not exist: /home/adminbum/Deepfinal/artifacts/cat_mug_n10_r16_ts42/generations/evaluation/base/cat_mug_n10_r16_ts42__p06__gs44.png; CLIP: generated image does not exist: /home/adminbum/Deepfinal/artifacts/cat_mug_n10_r16_ts42/generations/evaluation/base/cat_mug_n10_r16_ts42__p06__gs44.png
cat_mug_n10_r16_ts42__base__p07__gs11,cat_mug_n10_r16_ts42,cat_mug,p07,11,base,,16,10,,,,False,DINO: generated image does not exist: /home/adminbum/Deepfinal/artifacts/cat_mug_n10_r16_ts42/generations/evaluation/base/cat_mug_n10_r16_ts42__p07__gs11.png; CLIP: generated image does not exist: /home/adminbum/Deepfinal/artifacts/cat_mug_n10_r16_ts42/generations/evaluation/base/cat_mug_n10_r16_ts42__p07__gs11.png
cat_mug_n10_r16_ts42__base__p07__gs22,cat_mug_n10_r16_ts42,cat_mug,p07,22,base,,16,10,,,,False,DINO: generated image does not exist: /home/adminbum/Deepfinal/artifacts/cat_mug_n10_r16_ts42/generations/evaluation/base/cat_mug_n10_r16_ts42__p07__gs22.png; CLIP: generated image does not exist: /home/adminbum/Deepfinal/artifacts/cat_mug_n10_r16_ts42/generations/evaluation/base/cat_mug_n10_r16_ts42__p07__gs22.png
cat_mug_n10_r16_ts42__base__p07__gs33,cat_mug_n10_r16_ts42,cat_mug,p07,33,base,,16,10,,,,False,DINO: generated image does not exist: /home/adminbum/Deepfinal/artifacts/cat_mug_n10_r16_ts42/generations/evaluation/base/cat_mug_n10_r16_ts42__p07__gs33.png; CLIP: generated image does not exist: /home/adminbum/Deepfinal/artifacts/cat_mug_n10_r16_ts42/generations/evaluation/base/cat_mug_n10_r16_ts42__p07__gs33.png
cat_mug_n10_r16_ts42__base__p07__gs44,cat_mug_n10_r16_ts42,cat_mug,p07,44,base,,16,10,,,,False,DINO: generated image does not exist: /home/adminbum/Deepfinal/artifacts/cat_mug_n10_r16_ts42/generations/evaluation/base/cat_mug_n10_r16_ts42__p07__gs44.png; CLIP: generated image does not exist: /home/adminbum/Deepfinal/artifacts/cat_mug_n10_r16_ts42/generations/evaluation/base/cat_mug_n10_r16_ts42__p07__gs44.png
cat_mug_n10_r16_ts42__base__p08__gs11,cat_mug_n10_r16_ts42,cat_mug,p08,11,base,,16,10,,,,False,DINO: generated image does not exist: /home/adminbum/Deepfinal/artifacts/cat_mug_n10_r16_ts42/generations/evaluation/base/cat_mug_n10_r16_ts42__p08__gs11.png; CLIP: generated image does not exist: /home/adminbum/Deepfinal/artifacts/cat_mug_n10_r16_ts42/generations/evaluation/base/cat_mug_n10_r16_ts42__p08__gs11.png
cat_mug_n10_r16_ts42__base__p08__gs22,cat_mug_n10_r16_ts42,cat_mug,p08,22,base,,16,10,,,,False,DINO: generated image does not exist: /home/adminbum/Deepfinal/artifacts/cat_mug_n10_r16_ts42/generations/evaluation/base/cat_mug_n10_r16_ts42__p08__gs22.png; CLIP: generated image does not exist: /home/adminbum/Deepfinal/artifacts/cat_mug_n10_r16_ts42/generations/evaluation/base/cat_mug_n10_r16_ts42__p08__gs22.png
cat_mug_n10_r16_ts42__base__p08__gs33,cat_mug_n10_r16_ts42,cat_mug,p08,33,base,,16,10,,,,False,DINO: generated image does not exist: /home/adminbum/Deepfinal/artifacts/cat_mug_n10_r16_ts42/generations/evaluation/base/cat_mug_n10_r16_ts42__p08__gs33.png; CLIP: generated image does not exist: /home/adminbum/Deepfinal/artifacts/cat_mug_n10_r16_ts42/generations/evaluation/base/cat_mug_n10_r16_ts42__p08__gs33.png
cat_mug_n10_r16_ts42__base__p08__gs44,cat_mug_n10_r16_ts42,cat_mug,p08,44,base,,16,10,,,,False,DINO: generated image does not exist: /home/adminbum/Deepfinal/artifacts/cat_mug_n10_r16_ts42/generations/evaluation/base/cat_mug_n10_r16_ts42__p08__gs44.png; CLIP: generated image does not exist: /home/adminbum/Deepfinal/artifacts/cat_mug_n10_r16_ts42/generations/evaluation/base/cat_mug_n10_r16_ts42__p08__gs44.png
cat_mug_n1_r16_ts42__adapter__p01__gs11,cat_mug_n1_r16_ts42,cat_mug,p01,11,adapter,,16,1,0.46928107738494873,0.2875742018222809,,True,
cat_mug_n1_r16_ts42__adapter__p01__gs22,cat_mug_n1_r16_ts42,cat_mug,p01,22,adapter,,16,1,0.44517892599105835,0.2906133532524109,,True,
cat_mug_n1_r16_ts42__adapter__p01__gs33,cat_mug_n1_r16_ts42,cat_mug,p01,33,adapter,,16,1,0.4796946346759796,0.3064281642436981,,True,
cat_mug_n1_r16_ts42__adapter__p01__gs44,cat_mug_n1_r16_ts42,cat_mug,p01,44,adapter,,16,1,0.5215309858322144,0.2975006699562073,,True,
cat_mug_n1_r16_ts42__adapter__p02__gs11,cat_mug_n1_r16_ts42,cat_mug,p02,11,adapter,,16,1,0.5190047025680542,0.2897528111934662,,True,
cat_mug_n1_r16_ts42__adapter__p02__gs22,cat_mug_n1_r16_ts42,cat_mug,p02,22,adapter,,16,1,0.40492478013038635,0.274830162525177,,True,
cat_mug_n1_r16_ts42__adapter__p02__gs33,cat_mug_n1_r16_ts42,cat_mug,p02,33,adapter,,16,1,0.5107042193412781,0.297751247882843,,True,
cat_mug_n1_r16_ts42__adapter__p02__gs44,cat_mug_n1_r16_ts42,cat_mug,p02,44,adapter,,16,1,0.49954453110694885,0.29116225242614746,,True,
cat_mug_n1_r16_ts42__adapter__p03__gs11,cat_mug_n1_r16_ts42,cat_mug,p03,11,adapter,,16,1,0.4712531566619873,0.2583085298538208,,True,
cat_mug_n1_r16_ts42__adapter__p03__gs22,cat_mug_n1_r16_ts42,cat_mug,p03,22,adapter,,16,1,0.5317111015319824,0.2607276439666748,,True,
cat_mug_n1_r16_ts42__adapter__p03__gs33,cat_mug_n1_r16_ts42,cat_mug,p03,33,adapter,,16,1,0.5190451741218567,0.26614469289779663,,True,
cat_mug_n1_r16_ts42__adapter__p03__gs44,cat_mug_n1_r16_ts42,cat_mug,p03,44,adapter,,16,1,0.5032939314842224,0.28969714045524597,,True,
cat_mug_n1_r16_ts42__adapter__p04__gs11,cat_mug_n1_r16_ts42,cat_mug,p04,11,adapter,,16,1,0.5444923639297485,0.30487391352653503,,True,
cat_mug_n1_r16_ts42__adapter__p04__gs22,cat_mug_n1_r16_ts42,cat_mug,p04,22,adapter,,16,1,0.5051079392433167,0.25812503695487976,,True,
cat_mug_n1_r16_ts42__adapter__p04__gs33,cat_mug_n1_r16_ts42,cat_mug,p04,33,adapter,,16,1,0.5309199690818787,0.26519060134887695,,True,
cat_mug_n1_r16_ts42__adapter__p04__gs44,cat_mug_n1_r16_ts42,cat_mug,p04,44,adapter,,16,1,0.5531191229820251,0.2922467291355133,,True,
cat_mug_n1_r16_ts42__adapter__p05__gs11,cat_mug_n1_r16_ts42,cat_mug,p05,11,adapter,,16,1,0.5240268707275391,0.28817054629325867,,True,
cat_mug_n1_r16_ts42__adapter__p05__gs22,cat_mug_n1_r16_ts42,cat_mug,p05,22,adapter,,16,1,0.51475590467453,0.2914382219314575,,True,
cat_mug_n1_r16_ts42__adapter__p05__gs33,cat_mug_n1_r16_ts42,cat_mug,p05,33,adapter,,16,1,0.4906224310398102,0.2881796956062317,,True,
cat_mug_n1_r16_ts42__adapter__p05__gs44,cat_mug_n1_r16_ts42,cat_mug,p05,44,adapter,,16,1,0.4997466206550598,0.29431748390197754,,True,
cat_mug_n1_r16_ts42__adapter__p06__gs11,cat_mug_n1_r16_ts42,cat_mug,p06,11,adapter,,16,1,0.44605350494384766,0.3072383403778076,,True,
cat_mug_n1_r16_ts42__adapter__p06__gs22,cat_mug_n1_r16_ts42,cat_mug,p06,22,adapter,,16,1,0.27573534846305847,0.2858154773712158,,True,
cat_mug_n1_r16_ts42__adapter__p06__gs33,cat_mug_n1_r16_ts42,cat_mug,p06,33,adapter,,16,1,0.41905009746551514,0.32752740383148193,,True,
cat_mug_n1_r16_ts42__adapter__p06__gs44,cat_mug_n1_r16_ts42,cat_mug,p06,44,adapter,,16,1,0.47664475440979004,0.2999400496482849,,True,
cat_mug_n1_r16_ts42__adapter__p07__gs11,cat_mug_n1_r16_ts42,cat_mug,p07,11,adapter,,16,1,0.5603689551353455,0.29035845398902893,,True,
cat_mug_n1_r16_ts42__adapter__p07__gs22,cat_mug_n1_r16_ts42,cat_mug,p07,22,adapter,,16,1,0.45458486676216125,0.2715091109275818,,True,
cat_mug_n1_r16_ts42__adapter__p07__gs33,cat_mug_n1_r16_ts42,cat_mug,p07,33,adapter,,16,1,0.5353368520736694,0.26317161321640015,,True,
cat_mug_n1_r16_ts42__adapter__p07__gs44,cat_mug_n1_r16_ts42,cat_mug,p07,44,adapter,,16,1,0.4894605278968811,0.2821604311466217,,True,
cat_mug_n1_r16_ts42__adapter__p08__gs11,cat_mug_n1_r16_ts42,cat_mug,p08,11,adapter,,16,1,0.5794694423675537,0.25348925590515137,,True,
cat_mug_n1_r16_ts42__adapter__p08__gs22,cat_mug_n1_r16_ts42,cat_mug,p08,22,adapter,,16,1,0.32902294397354126,0.22485828399658203,,True,
cat_mug_n1_r16_ts42__adapter__p08__gs33,cat_mug_n1_r16_ts42,cat_mug,p08,33,adapter,,16,1,0.439125657081604,0.26334840059280396,,True,
cat_mug_n1_r16_ts42__adapter__p08__gs44,cat_mug_n1_r16_ts42,cat_mug,p08,44,adapter,,16,1,0.3930867910385132,0.24634358286857605,,True,
cat_mug_n1_r16_ts42__base__p01__gs11,cat_mug_n1_r16_ts42,cat_mug,p01,11,base,,16,1,0.1878814399242401,0.29347097873687744,,True,
cat_mug_n1_r16_ts42__base__p01__gs22,cat_mug_n1_r16_ts42,cat_mug,p01,22,base,,16,1,0.1905764937400818,0.29210764169692993,,True,
cat_mug_n1_r16_ts42__base__p01__gs33,cat_mug_n1_r16_ts42,cat_mug,p01,33,base,,16,1,0.2088860422372818,0.29274341464042664,,True,
cat_mug_n1_r16_ts42__base__p01__gs44,cat_mug_n1_r16_ts42,cat_mug,p01,44,base,,16,1,0.1540432572364807,0.298353374004364,,True,
cat_mug_n1_r16_ts42__base__p02__gs11,cat_mug_n1_r16_ts42,cat_mug,p02,11,base,,16,1,0.09380367398262024,0.3247663080692291,,True,
cat_mug_n1_r16_ts42__base__p02__gs22,cat_mug_n1_r16_ts42,cat_mug,p02,22,base,,16,1,0.2741566002368927,0.28634846210479736,,True,
cat_mug_n1_r16_ts42__base__p02__gs33,cat_mug_n1_r16_ts42,cat_mug,p02,33,base,,16,1,0.2048940360546112,0.2549492120742798,,True,
cat_mug_n1_r16_ts42__base__p02__gs44,cat_mug_n1_r16_ts42,cat_mug,p02,44,base,,16,1,0.19943761825561523,0.30466222763061523,,True,
cat_mug_n1_r16_ts42__base__p03__gs11,cat_mug_n1_r16_ts42,cat_mug,p03,11,base,,16,1,0.14302781224250793,0.32886528968811035,,True,
cat_mug_n1_r16_ts42__base__p03__gs22,cat_mug_n1_r16_ts42,cat_mug,p03,22,base,,16,1,0.1462835818529129,0.29359421133995056,,True,
cat_mug_n1_r16_ts42__base__p03__gs33,cat_mug_n1_r16_ts42,cat_mug,p03,33,base,,16,1,0.09415451437234879,0.33782801032066345,,True,
cat_mug_n1_r16_ts42__base__p03__gs44,cat_mug_n1_r16_ts42,cat_mug,p03,44,base,,16,1,0.11506813764572144,0.2953105866909027,,True,
cat_mug_n1_r16_ts42__base__p04__gs11,cat_mug_n1_r16_ts42,cat_mug,p04,11,base,,16,1,0.035716861486434937,0.2463241070508957,,True,
cat_mug_n1_r16_ts42__base__p04__gs22,cat_mug_n1_r16_ts42,cat_mug,p04,22,base,,16,1,0.16363553702831268,0.33212774991989136,,True,
cat_mug_n1_r16_ts42__base__p04__gs33,cat_mug_n1_r16_ts42,cat_mug,p04,33,base,,16,1,0.10037948936223984,0.311075359582901,,True,
cat_mug_n1_r16_ts42__base__p04__gs44,cat_mug_n1_r16_ts42,cat_mug,p04,44,base,,16,1,0.016866566613316536,0.29725897312164307,,True,
cat_mug_n1_r16_ts42__base__p05__gs11,cat_mug_n1_r16_ts42,cat_mug,p05,11,base,,16,1,0.060550883412361145,0.2791910469532013,,True,
cat_mug_n1_r16_ts42__base__p05__gs22,cat_mug_n1_r16_ts42,cat_mug,p05,22,base,,16,1,0.08620385080575943,0.2953113317489624,,True,
cat_mug_n1_r16_ts42__base__p05__gs33,cat_mug_n1_r16_ts42,cat_mug,p05,33,base,,16,1,0.11623269319534302,0.2618700861930847,,True,
cat_mug_n1_r16_ts42__base__p05__gs44,cat_mug_n1_r16_ts42,cat_mug,p05,44,base,,16,1,0.16420507431030273,0.27198755741119385,,True,
cat_mug_n1_r16_ts42__base__p06__gs11,cat_mug_n1_r16_ts42,cat_mug,p06,11,base,,16,1,0.18746070563793182,0.3004242777824402,,True,
cat_mug_n1_r16_ts42__base__p06__gs22,cat_mug_n1_r16_ts42,cat_mug,p06,22,base,,16,1,0.14725711941719055,0.3021765649318695,,True,
cat_mug_n1_r16_ts42__base__p06__gs33,cat_mug_n1_r16_ts42,cat_mug,p06,33,base,,16,1,0.2119027078151703,0.32757338881492615,,True,
cat_mug_n1_r16_ts42__base__p06__gs44,cat_mug_n1_r16_ts42,cat_mug,p06,44,base,,16,1,0.25586265325546265,0.31712833046913147,,True,
cat_mug_n1_r16_ts42__base__p07__gs11,cat_mug_n1_r16_ts42,cat_mug,p07,11,base,,16,1,0.13555015623569489,0.36531445384025574,,True,
cat_mug_n1_r16_ts42__base__p07__gs22,cat_mug_n1_r16_ts42,cat_mug,p07,22,base,,16,1,0.09530550241470337,0.36417683959007263,,True,
cat_mug_n1_r16_ts42__base__p07__gs33,cat_mug_n1_r16_ts42,cat_mug,p07,33,base,,16,1,0.1906282752752304,0.3488640785217285,,True,
cat_mug_n1_r16_ts42__base__p07__gs44,cat_mug_n1_r16_ts42,cat_mug,p07,44,base,,16,1,0.16497360169887543,0.3856242299079895,,True,
cat_mug_n1_r16_ts42__base__p08__gs11,cat_mug_n1_r16_ts42,cat_mug,p08,11,base,,16,1,0.016680950298905373,0.3076472282409668,,True,
cat_mug_n1_r16_ts42__base__p08__gs22,cat_mug_n1_r16_ts42,cat_mug,p08,22,base,,16,1,0.019846389070153236,0.2836255729198456,,True,
cat_mug_n1_r16_ts42__base__p08__gs33,cat_mug_n1_r16_ts42,cat_mug,p08,33,base,,16,1,0.04567182809114456,0.31151923537254333,,True,
cat_mug_n1_r16_ts42__base__p08__gs44,cat_mug_n1_r16_ts42,cat_mug,p08,44,base,,16,1,0.0623866468667984,0.31523430347442627,,True,
cat_mug_n3_r16_ts42__adapter__p01__gs11,cat_mug_n3_r16_ts42,cat_mug,p01,11,adapter,,16,3,0.5919619798660278,0.3009268045425415,,True,
cat_mug_n3_r16_ts42__adapter__p01__gs22,cat_mug_n3_r16_ts42,cat_mug,p01,22,adapter,,16,3,0.5769715309143066,0.27679839730262756,,True,
cat_mug_n3_r16_ts42__adapter__p01__gs33,cat_mug_n3_r16_ts42,cat_mug,p01,33,adapter,,16,3,0.6619700789451599,0.2923849821090698,,True,
cat_mug_n3_r16_ts42__adapter__p01__gs44,cat_mug_n3_r16_ts42,cat_mug,p01,44,adapter,,16,3,0.6184560656547546,0.30177921056747437,,True,
cat_mug_n3_r16_ts42__adapter__p02__gs11,cat_mug_n3_r16_ts42,cat_mug,p02,11,adapter,,16,3,0.5094990730285645,0.2696027159690857,,True,
cat_mug_n3_r16_ts42__adapter__p02__gs22,cat_mug_n3_r16_ts42,cat_mug,p02,22,adapter,,16,3,0.6151068210601807,0.2719188332557678,,True,
cat_mug_n3_r16_ts42__adapter__p02__gs33,cat_mug_n3_r16_ts42,cat_mug,p02,33,adapter,,16,3,0.565872311592102,0.28139927983283997,,True,
cat_mug_n3_r16_ts42__adapter__p02__gs44,cat_mug_n3_r16_ts42,cat_mug,p02,44,adapter,,16,3,0.6100788712501526,0.2735282778739929,,True,
cat_mug_n3_r16_ts42__adapter__p03__gs11,cat_mug_n3_r16_ts42,cat_mug,p03,11,adapter,,16,3,0.567973792552948,0.3072878420352936,,True,
cat_mug_n3_r16_ts42__adapter__p03__gs22,cat_mug_n3_r16_ts42,cat_mug,p03,22,adapter,,16,3,0.6650907397270203,0.2773981988430023,,True,
cat_mug_n3_r16_ts42__adapter__p03__gs33,cat_mug_n3_r16_ts42,cat_mug,p03,33,adapter,,16,3,0.6201702952384949,0.2781696021556854,,True,
cat_mug_n3_r16_ts42__adapter__p03__gs44,cat_mug_n3_r16_ts42,cat_mug,p03,44,adapter,,16,3,0.5938851237297058,0.28528204560279846,,True,
cat_mug_n3_r16_ts42__adapter__p04__gs11,cat_mug_n3_r16_ts42,cat_mug,p04,11,adapter,,16,3,0.5622971057891846,0.2883298397064209,,True,
cat_mug_n3_r16_ts42__adapter__p04__gs22,cat_mug_n3_r16_ts42,cat_mug,p04,22,adapter,,16,3,0.5319404006004333,0.28682568669319153,,True,
cat_mug_n3_r16_ts42__adapter__p04__gs33,cat_mug_n3_r16_ts42,cat_mug,p04,33,adapter,,16,3,0.5476692914962769,0.2945927679538727,,True,
cat_mug_n3_r16_ts42__adapter__p04__gs44,cat_mug_n3_r16_ts42,cat_mug,p04,44,adapter,,16,3,0.5217790603637695,0.30886411666870117,,True,
cat_mug_n3_r16_ts42__adapter__p05__gs11,cat_mug_n3_r16_ts42,cat_mug,p05,11,adapter,,16,3,0.6261631846427917,0.2913687527179718,,True,
cat_mug_n3_r16_ts42__adapter__p05__gs22,cat_mug_n3_r16_ts42,cat_mug,p05,22,adapter,,16,3,0.5410036444664001,0.3060908913612366,,True,
cat_mug_n3_r16_ts42__adapter__p05__gs33,cat_mug_n3_r16_ts42,cat_mug,p05,33,adapter,,16,3,0.5213438272476196,0.32787925004959106,,True,
cat_mug_n3_r16_ts42__adapter__p05__gs44,cat_mug_n3_r16_ts42,cat_mug,p05,44,adapter,,16,3,0.5290223956108093,0.28532058000564575,,True,
cat_mug_n3_r16_ts42__adapter__p06__gs11,cat_mug_n3_r16_ts42,cat_mug,p06,11,adapter,,16,3,0.5721770524978638,0.2927824854850769,,True,
cat_mug_n3_r16_ts42__adapter__p06__gs22,cat_mug_n3_r16_ts42,cat_mug,p06,22,adapter,,16,3,0.5322144031524658,0.28530019521713257,,True,
cat_mug_n3_r16_ts42__adapter__p06__gs33,cat_mug_n3_r16_ts42,cat_mug,p06,33,adapter,,16,3,0.6052581667900085,0.3013903498649597,,True,
cat_mug_n3_r16_ts42__adapter__p06__gs44,cat_mug_n3_r16_ts42,cat_mug,p06,44,adapter,,16,3,0.6461547017097473,0.2945956587791443,,True,
cat_mug_n3_r16_ts42__adapter__p07__gs11,cat_mug_n3_r16_ts42,cat_mug,p07,11,adapter,,16,3,0.5229408144950867,0.3024662733078003,,True,
cat_mug_n3_r16_ts42__adapter__p07__gs22,cat_mug_n3_r16_ts42,cat_mug,p07,22,adapter,,16,3,0.6025011539459229,0.2806705832481384,,True,
cat_mug_n3_r16_ts42__adapter__p07__gs33,cat_mug_n3_r16_ts42,cat_mug,p07,33,adapter,,16,3,0.300678551197052,0.2867545485496521,,True,
cat_mug_n3_r16_ts42__adapter__p07__gs44,cat_mug_n3_r16_ts42,cat_mug,p07,44,adapter,,16,3,0.5871723294258118,0.30671703815460205,,True,
cat_mug_n3_r16_ts42__adapter__p08__gs11,cat_mug_n3_r16_ts42,cat_mug,p08,11,adapter,,16,3,0.11282315105199814,0.31699034571647644,,True,
cat_mug_n3_r16_ts42__adapter__p08__gs22,cat_mug_n3_r16_ts42,cat_mug,p08,22,adapter,,16,3,0.11675263196229935,0.3264005184173584,,True,
cat_mug_n3_r16_ts42__adapter__p08__gs33,cat_mug_n3_r16_ts42,cat_mug,p08,33,adapter,,16,3,0.148855522274971,0.33525052666664124,,True,
cat_mug_n3_r16_ts42__adapter__p08__gs44,cat_mug_n3_r16_ts42,cat_mug,p08,44,adapter,,16,3,0.11427303403615952,0.3452591300010681,,True,
cat_mug_n3_r16_ts42__base__p01__gs11,cat_mug_n3_r16_ts42,cat_mug,p01,11,base,,16,3,0.1878814399242401,0.29347097873687744,,True,
cat_mug_n3_r16_ts42__base__p01__gs22,cat_mug_n3_r16_ts42,cat_mug,p01,22,base,,16,3,0.1905764937400818,0.29210764169692993,,True,
cat_mug_n3_r16_ts42__base__p01__gs33,cat_mug_n3_r16_ts42,cat_mug,p01,33,base,,16,3,0.2088860422372818,0.29274341464042664,,True,
cat_mug_n3_r16_ts42__base__p01__gs44,cat_mug_n3_r16_ts42,cat_mug,p01,44,base,,16,3,0.1540432572364807,0.298353374004364,,True,
cat_mug_n3_r16_ts42__base__p02__gs11,cat_mug_n3_r16_ts42,cat_mug,p02,11,base,,16,3,0.09380367398262024,0.3247663080692291,,True,
cat_mug_n3_r16_ts42__base__p02__gs22,cat_mug_n3_r16_ts42,cat_mug,p02,22,base,,16,3,0.2741566002368927,0.28634846210479736,,True,
cat_mug_n3_r16_ts42__base__p02__gs33,cat_mug_n3_r16_ts42,cat_mug,p02,33,base,,16,3,0.2048940360546112,0.2549492120742798,,True,
cat_mug_n3_r16_ts42__base__p02__gs44,cat_mug_n3_r16_ts42,cat_mug,p02,44,base,,16,3,0.19943761825561523,0.30466222763061523,,True,
cat_mug_n3_r16_ts42__base__p03__gs11,cat_mug_n3_r16_ts42,cat_mug,p03,11,base,,16,3,0.14302781224250793,0.32886528968811035,,True,
cat_mug_n3_r16_ts42__base__p03__gs22,cat_mug_n3_r16_ts42,cat_mug,p03,22,base,,16,3,0.1462835818529129,0.29359421133995056,,True,
cat_mug_n3_r16_ts42__base__p03__gs33,cat_mug_n3_r16_ts42,cat_mug,p03,33,base,,16,3,0.09415451437234879,0.33782801032066345,,True,
cat_mug_n3_r16_ts42__base__p03__gs44,cat_mug_n3_r16_ts42,cat_mug,p03,44,base,,16,3,0.11506813764572144,0.2953105866909027,,True,
cat_mug_n3_r16_ts42__base__p04__gs11,cat_mug_n3_r16_ts42,cat_mug,p04,11,base,,16,3,0.035716861486434937,0.2463241070508957,,True,
cat_mug_n3_r16_ts42__base__p04__gs22,cat_mug_n3_r16_ts42,cat_mug,p04,22,base,,16,3,0.16363553702831268,0.33212774991989136,,True,
cat_mug_n3_r16_ts42__base__p04__gs33,cat_mug_n3_r16_ts42,cat_mug,p04,33,base,,16,3,0.10037948936223984,0.311075359582901,,True,
cat_mug_n3_r16_ts42__base__p04__gs44,cat_mug_n3_r16_ts42,cat_mug,p04,44,base,,16,3,0.016866566613316536,0.29725897312164307,,True,
cat_mug_n3_r16_ts42__base__p05__gs11,cat_mug_n3_r16_ts42,cat_mug,p05,11,base,,16,3,0.060550883412361145,0.2791910469532013,,True,
cat_mug_n3_r16_ts42__base__p05__gs22,cat_mug_n3_r16_ts42,cat_mug,p05,22,base,,16,3,0.08620385080575943,0.2953113317489624,,True,
cat_mug_n3_r16_ts42__base__p05__gs33,cat_mug_n3_r16_ts42,cat_mug,p05,33,base,,16,3,0.11623269319534302,0.2618700861930847,,True,
cat_mug_n3_r16_ts42__base__p05__gs44,cat_mug_n3_r16_ts42,cat_mug,p05,44,base,,16,3,0.16420507431030273,0.27198755741119385,,True,
cat_mug_n3_r16_ts42__base__p06__gs11,cat_mug_n3_r16_ts42,cat_mug,p06,11,base,,16,3,0.18746070563793182,0.3004242777824402,,True,
cat_mug_n3_r16_ts42__base__p06__gs22,cat_mug_n3_r16_ts42,cat_mug,p06,22,base,,16,3,0.14725711941719055,0.3021765649318695,,True,
cat_mug_n3_r16_ts42__base__p06__gs33,cat_mug_n3_r16_ts42,cat_mug,p06,33,base,,16,3,0.2119027078151703,0.32757338881492615,,True,
cat_mug_n3_r16_ts42__base__p06__gs44,cat_mug_n3_r16_ts42,cat_mug,p06,44,base,,16,3,0.25586265325546265,0.31712833046913147,,True,
cat_mug_n3_r16_ts42__base__p07__gs11,cat_mug_n3_r16_ts42,cat_mug,p07,11,base,,16,3,0.13555015623569489,0.36531445384025574,,True,
cat_mug_n3_r16_ts42__base__p07__gs22,cat_mug_n3_r16_ts42,cat_mug,p07,22,base,,16,3,0.09530550241470337,0.36417683959007263,,True,
cat_mug_n3_r16_ts42__base__p07__gs33,cat_mug_n3_r16_ts42,cat_mug,p07,33,base,,16,3,0.1906282752752304,0.3488640785217285,,True,
cat_mug_n3_r16_ts42__base__p07__gs44,cat_mug_n3_r16_ts42,cat_mug,p07,44,base,,16,3,0.16497360169887543,0.3856242299079895,,True,
cat_mug_n3_r16_ts42__base__p08__gs11,cat_mug_n3_r16_ts42,cat_mug,p08,11,base,,16,3,0.016680950298905373,0.3076472282409668,,True,
cat_mug_n3_r16_ts42__base__p08__gs22,cat_mug_n3_r16_ts42,cat_mug,p08,22,base,,16,3,0.019846389070153236,0.2836255729198456,,True,
cat_mug_n3_r16_ts42__base__p08__gs33,cat_mug_n3_r16_ts42,cat_mug,p08,33,base,,16,3,0.04567182809114456,0.31151923537254333,,True,
cat_mug_n3_r16_ts42__base__p08__gs44,cat_mug_n3_r16_ts42,cat_mug,p08,44,base,,16,3,0.0623866468667984,0.31523430347442627,,True,
cat_mug_n5_r16_ts42__adapter__p01__gs11,cat_mug_n5_r16_ts42,cat_mug,p01,11,adapter,,16,5,0.6018115878105164,0.2988508939743042,,True,
cat_mug_n5_r16_ts42__adapter__p01__gs22,cat_mug_n5_r16_ts42,cat_mug,p01,22,adapter,,16,5,0.5932439565658569,0.2829097509384155,,True,
cat_mug_n5_r16_ts42__adapter__p01__gs33,cat_mug_n5_r16_ts42,cat_mug,p01,33,adapter,,16,5,0.6574518084526062,0.3002758026123047,,True,
cat_mug_n5_r16_ts42__adapter__p01__gs44,cat_mug_n5_r16_ts42,cat_mug,p01,44,adapter,,16,5,0.6359855532646179,0.28922906517982483,,True,
cat_mug_n5_r16_ts42__adapter__p02__gs11,cat_mug_n5_r16_ts42,cat_mug,p02,11,adapter,,16,5,0.5836349129676819,0.2805246114730835,,True,
cat_mug_n5_r16_ts42__adapter__p02__gs22,cat_mug_n5_r16_ts42,cat_mug,p02,22,adapter,,16,5,0.6128646731376648,0.29117023944854736,,True,
cat_mug_n5_r16_ts42__adapter__p02__gs33,cat_mug_n5_r16_ts42,cat_mug,p02,33,adapter,,16,5,0.6478139758110046,0.2846919000148773,,True,
cat_mug_n5_r16_ts42__adapter__p02__gs44,cat_mug_n5_r16_ts42,cat_mug,p02,44,adapter,,16,5,0.6145895719528198,0.2906017303466797,,True,
cat_mug_n5_r16_ts42__adapter__p03__gs11,cat_mug_n5_r16_ts42,cat_mug,p03,11,adapter,,16,5,0.5240076780319214,0.261737585067749,,True,
cat_mug_n5_r16_ts42__adapter__p03__gs22,cat_mug_n5_r16_ts42,cat_mug,p03,22,adapter,,16,5,0.5684012770652771,0.2713472247123718,,True,
cat_mug_n5_r16_ts42__adapter__p03__gs33,cat_mug_n5_r16_ts42,cat_mug,p03,33,adapter,,16,5,0.5292822122573853,0.2807956635951996,,True,
cat_mug_n5_r16_ts42__adapter__p03__gs44,cat_mug_n5_r16_ts42,cat_mug,p03,44,adapter,,16,5,0.6266222596168518,0.2748936414718628,,True,
cat_mug_n5_r16_ts42__adapter__p04__gs11,cat_mug_n5_r16_ts42,cat_mug,p04,11,adapter,,16,5,0.3195440471172333,0.2475666105747223,,True,
cat_mug_n5_r16_ts42__adapter__p04__gs22,cat_mug_n5_r16_ts42,cat_mug,p04,22,adapter,,16,5,0.6037452816963196,0.3047778010368347,,True,
cat_mug_n5_r16_ts42__adapter__p04__gs33,cat_mug_n5_r16_ts42,cat_mug,p04,33,adapter,,16,5,0.6800212264060974,0.29934200644493103,,True,
cat_mug_n5_r16_ts42__adapter__p04__gs44,cat_mug_n5_r16_ts42,cat_mug,p04,44,adapter,,16,5,0.461407333612442,0.30704566836357117,,True,
cat_mug_n5_r16_ts42__adapter__p05__gs11,cat_mug_n5_r16_ts42,cat_mug,p05,11,adapter,,16,5,0.6153972744941711,0.2909320890903473,,True,
cat_mug_n5_r16_ts42__adapter__p05__gs22,cat_mug_n5_r16_ts42,cat_mug,p05,22,adapter,,16,5,0.6406083106994629,0.29801565408706665,,True,
cat_mug_n5_r16_ts42__adapter__p05__gs33,cat_mug_n5_r16_ts42,cat_mug,p05,33,adapter,,16,5,0.646933376789093,0.3032805323600769,,True,
cat_mug_n5_r16_ts42__adapter__p05__gs44,cat_mug_n5_r16_ts42,cat_mug,p05,44,adapter,,16,5,0.5793777704238892,0.3058377206325531,,True,
cat_mug_n5_r16_ts42__adapter__p06__gs11,cat_mug_n5_r16_ts42,cat_mug,p06,11,adapter,,16,5,0.6129312515258789,0.30756887793540955,,True,
cat_mug_n5_r16_ts42__adapter__p06__gs22,cat_mug_n5_r16_ts42,cat_mug,p06,22,adapter,,16,5,0.5848866701126099,0.30406132340431213,,True,
cat_mug_n5_r16_ts42__adapter__p06__gs33,cat_mug_n5_r16_ts42,cat_mug,p06,33,adapter,,16,5,0.5002951622009277,0.30442315340042114,,True,
cat_mug_n5_r16_ts42__adapter__p06__gs44,cat_mug_n5_r16_ts42,cat_mug,p06,44,adapter,,16,5,0.4149702787399292,0.322745144367218,,True,
cat_mug_n5_r16_ts42__adapter__p07__gs11,cat_mug_n5_r16_ts42,cat_mug,p07,11,adapter,,16,5,0.3131332993507385,0.29067617654800415,,True,
cat_mug_n5_r16_ts42__adapter__p07__gs22,cat_mug_n5_r16_ts42,cat_mug,p07,22,adapter,,16,5,0.39453229308128357,0.2914077639579773,,True,
cat_mug_n5_r16_ts42__adapter__p07__gs33,cat_mug_n5_r16_ts42,cat_mug,p07,33,adapter,,16,5,0.4967697262763977,0.2815239429473877,,True,
cat_mug_n5_r16_ts42__adapter__p07__gs44,cat_mug_n5_r16_ts42,cat_mug,p07,44,adapter,,16,5,0.5425072312355042,0.28230535984039307,,True,
cat_mug_n5_r16_ts42__adapter__p08__gs11,cat_mug_n5_r16_ts42,cat_mug,p08,11,adapter,,16,5,0.12649308145046234,0.3333738446235657,,True,
cat_mug_n5_r16_ts42__adapter__p08__gs22,cat_mug_n5_r16_ts42,cat_mug,p08,22,adapter,,16,5,0.23568229377269745,0.2999346852302551,,True,
cat_mug_n5_r16_ts42__adapter__p08__gs33,cat_mug_n5_r16_ts42,cat_mug,p08,33,adapter,,16,5,0.39860618114471436,0.2600974440574646,,True,
cat_mug_n5_r16_ts42__adapter__p08__gs44,cat_mug_n5_r16_ts42,cat_mug,p08,44,adapter,,16,5,0.11926001310348511,0.3244895935058594,,True,
cat_mug_n5_r16_ts42__base__p01__gs11,cat_mug_n5_r16_ts42,cat_mug,p01,11,base,,16,5,0.1878814399242401,0.29347097873687744,,True,
cat_mug_n5_r16_ts42__base__p01__gs22,cat_mug_n5_r16_ts42,cat_mug,p01,22,base,,16,5,0.1905764937400818,0.29210764169692993,,True,
cat_mug_n5_r16_ts42__base__p01__gs33,cat_mug_n5_r16_ts42,cat_mug,p01,33,base,,16,5,0.2088860422372818,0.29274341464042664,,True,
cat_mug_n5_r16_ts42__base__p01__gs44,cat_mug_n5_r16_ts42,cat_mug,p01,44,base,,16,5,0.1540432572364807,0.298353374004364,,True,
cat_mug_n5_r16_ts42__base__p02__gs11,cat_mug_n5_r16_ts42,cat_mug,p02,11,base,,16,5,0.09380367398262024,0.3247663080692291,,True,
cat_mug_n5_r16_ts42__base__p02__gs22,cat_mug_n5_r16_ts42,cat_mug,p02,22,base,,16,5,0.2741566002368927,0.28634846210479736,,True,
cat_mug_n5_r16_ts42__base__p02__gs33,cat_mug_n5_r16_ts42,cat_mug,p02,33,base,,16,5,0.2048940360546112,0.2549492120742798,,True,
cat_mug_n5_r16_ts42__base__p02__gs44,cat_mug_n5_r16_ts42,cat_mug,p02,44,base,,16,5,0.19943761825561523,0.30466222763061523,,True,
cat_mug_n5_r16_ts42__base__p03__gs11,cat_mug_n5_r16_ts42,cat_mug,p03,11,base,,16,5,0.14302781224250793,0.32886528968811035,,True,
cat_mug_n5_r16_ts42__base__p03__gs22,cat_mug_n5_r16_ts42,cat_mug,p03,22,base,,16,5,0.1462835818529129,0.29359421133995056,,True,
cat_mug_n5_r16_ts42__base__p03__gs33,cat_mug_n5_r16_ts42,cat_mug,p03,33,base,,16,5,0.09415451437234879,0.33782801032066345,,True,
cat_mug_n5_r16_ts42__base__p03__gs44,cat_mug_n5_r16_ts42,cat_mug,p03,44,base,,16,5,0.11506813764572144,0.2953105866909027,,True,
cat_mug_n5_r16_ts42__base__p04__gs11,cat_mug_n5_r16_ts42,cat_mug,p04,11,base,,16,5,0.035716861486434937,0.2463241070508957,,True,
cat_mug_n5_r16_ts42__base__p04__gs22,cat_mug_n5_r16_ts42,cat_mug,p04,22,base,,16,5,0.16363553702831268,0.33212774991989136,,True,
cat_mug_n5_r16_ts42__base__p04__gs33,cat_mug_n5_r16_ts42,cat_mug,p04,33,base,,16,5,0.10037948936223984,0.311075359582901,,True,
cat_mug_n5_r16_ts42__base__p04__gs44,cat_mug_n5_r16_ts42,cat_mug,p04,44,base,,16,5,0.016866566613316536,0.29725897312164307,,True,
cat_mug_n5_r16_ts42__base__p05__gs11,cat_mug_n5_r16_ts42,cat_mug,p05,11,base,,16,5,0.060550883412361145,0.2791910469532013,,True,
cat_mug_n5_r16_ts42__base__p05__gs22,cat_mug_n5_r16_ts42,cat_mug,p05,22,base,,16,5,0.08620385080575943,0.2953113317489624,,True,
cat_mug_n5_r16_ts42__base__p05__gs33,cat_mug_n5_r16_ts42,cat_mug,p05,33,base,,16,5,0.11623269319534302,0.2618700861930847,,True,
cat_mug_n5_r16_ts42__base__p05__gs44,cat_mug_n5_r16_ts42,cat_mug,p05,44,base,,16,5,0.16420507431030273,0.27198755741119385,,True,
cat_mug_n5_r16_ts42__base__p06__gs11,cat_mug_n5_r16_ts42,cat_mug,p06,11,base,,16,5,0.18746070563793182,0.3004242777824402,,True,
cat_mug_n5_r16_ts42__base__p06__gs22,cat_mug_n5_r16_ts42,cat_mug,p06,22,base,,16,5,0.14725711941719055,0.3021765649318695,,True,
cat_mug_n5_r16_ts42__base__p06__gs33,cat_mug_n5_r16_ts42,cat_mug,p06,33,base,,16,5,0.2119027078151703,0.32757338881492615,,True,
cat_mug_n5_r16_ts42__base__p06__gs44,cat_mug_n5_r16_ts42,cat_mug,p06,44,base,,16,5,0.25586265325546265,0.31712833046913147,,True,
cat_mug_n5_r16_ts42__base__p07__gs11,cat_mug_n5_r16_ts42,cat_mug,p07,11,base,,16,5,0.13555015623569489,0.36531445384025574,,True,
cat_mug_n5_r16_ts42__base__p07__gs22,cat_mug_n5_r16_ts42,cat_mug,p07,22,base,,16,5,0.09530550241470337,0.36417683959007263,,True,
cat_mug_n5_r16_ts42__base__p07__gs33,cat_mug_n5_r16_ts42,cat_mug,p07,33,base,,16,5,0.1906282752752304,0.3488640785217285,,True,
cat_mug_n5_r16_ts42__base__p07__gs44,cat_mug_n5_r16_ts42,cat_mug,p07,44,base,,16,5,0.16497360169887543,0.3856242299079895,,True,
cat_mug_n5_r16_ts42__base__p08__gs11,cat_mug_n5_r16_ts42,cat_mug,p08,11,base,,16,5,0.016680950298905373,0.3076472282409668,,True,
cat_mug_n5_r16_ts42__base__p08__gs22,cat_mug_n5_r16_ts42,cat_mug,p08,22,base,,16,5,0.019846389070153236,0.2836255729198456,,True,
cat_mug_n5_r16_ts42__base__p08__gs33,cat_mug_n5_r16_ts42,cat_mug,p08,33,base,,16,5,0.04567182809114456,0.31151923537254333,,True,
cat_mug_n5_r16_ts42__base__p08__gs44,cat_mug_n5_r16_ts42,cat_mug,p08,44,base,,16,5,0.0623866468667984,0.31523430347442627,,True,
cat_mug_n5_r32_ts42__adapter__p01__gs11,cat_mug_n5_r32_ts42,cat_mug,p01,11,adapter,,32,5,0.5932032465934753,0.24846956133842468,,True,
cat_mug_n5_r32_ts42__adapter__p01__gs22,cat_mug_n5_r32_ts42,cat_mug,p01,22,adapter,,32,5,0.5352979898452759,0.26915037631988525,,True,
cat_mug_n5_r32_ts42__adapter__p01__gs33,cat_mug_n5_r32_ts42,cat_mug,p01,33,adapter,,32,5,0.6420245170593262,0.28049594163894653,,True,
cat_mug_n5_r32_ts42__adapter__p01__gs44,cat_mug_n5_r32_ts42,cat_mug,p01,44,adapter,,32,5,0.6629627346992493,0.28343915939331055,,True,
cat_mug_n5_r32_ts42__adapter__p02__gs11,cat_mug_n5_r32_ts42,cat_mug,p02,11,adapter,,32,5,0.589642345905304,0.2491382509469986,,True,
cat_mug_n5_r32_ts42__adapter__p02__gs22,cat_mug_n5_r32_ts42,cat_mug,p02,22,adapter,,32,5,0.5888890027999878,0.25313952565193176,,True,
cat_mug_n5_r32_ts42__adapter__p02__gs33,cat_mug_n5_r32_ts42,cat_mug,p02,33,adapter,,32,5,0.6493136286735535,0.2664604187011719,,True,
cat_mug_n5_r32_ts42__adapter__p02__gs44,cat_mug_n5_r32_ts42,cat_mug,p02,44,adapter,,32,5,0.6319977641105652,0.260556161403656,,True,
cat_mug_n5_r32_ts42__adapter__p03__gs11,cat_mug_n5_r32_ts42,cat_mug,p03,11,adapter,,32,5,0.5585312843322754,0.2617129981517792,,True,
cat_mug_n5_r32_ts42__adapter__p03__gs22,cat_mug_n5_r32_ts42,cat_mug,p03,22,adapter,,32,5,0.5245616436004639,0.24424999952316284,,True,
cat_mug_n5_r32_ts42__adapter__p03__gs33,cat_mug_n5_r32_ts42,cat_mug,p03,33,adapter,,32,5,0.5976304411888123,0.22478625178337097,,True,
cat_mug_n5_r32_ts42__adapter__p03__gs44,cat_mug_n5_r32_ts42,cat_mug,p03,44,adapter,,32,5,0.6605576872825623,0.2372479885816574,,True,
cat_mug_n5_r32_ts42__adapter__p04__gs11,cat_mug_n5_r32_ts42,cat_mug,p04,11,adapter,,32,5,0.5946884751319885,0.28420305252075195,,True,
cat_mug_n5_r32_ts42__adapter__p04__gs22,cat_mug_n5_r32_ts42,cat_mug,p04,22,adapter,,32,5,0.5845956802368164,0.29089808464050293,,True,
cat_mug_n5_r32_ts42__adapter__p04__gs33,cat_mug_n5_r32_ts42,cat_mug,p04,33,adapter,,32,5,0.6871423125267029,0.2730211317539215,,True,
cat_mug_n5_r32_ts42__adapter__p04__gs44,cat_mug_n5_r32_ts42,cat_mug,p04,44,adapter,,32,5,0.5911971926689148,0.2760658264160156,,True,
cat_mug_n5_r32_ts42__adapter__p05__gs11,cat_mug_n5_r32_ts42,cat_mug,p05,11,adapter,,32,5,0.6423068046569824,0.2621784210205078,,True,
cat_mug_n5_r32_ts42__adapter__p05__gs22,cat_mug_n5_r32_ts42,cat_mug,p05,22,adapter,,32,5,0.659020721912384,0.2703239917755127,,True,
cat_mug_n5_r32_ts42__adapter__p05__gs33,cat_mug_n5_r32_ts42,cat_mug,p05,33,adapter,,32,5,0.6649098992347717,0.3143673539161682,,True,
cat_mug_n5_r32_ts42__adapter__p05__gs44,cat_mug_n5_r32_ts42,cat_mug,p05,44,adapter,,32,5,0.6570600271224976,0.2779662013053894,,True,
cat_mug_n5_r32_ts42__adapter__p06__gs11,cat_mug_n5_r32_ts42,cat_mug,p06,11,adapter,,32,5,0.6024755239486694,0.28340354561805725,,True,
cat_mug_n5_r32_ts42__adapter__p06__gs22,cat_mug_n5_r32_ts42,cat_mug,p06,22,adapter,,32,5,0.5968509912490845,0.2843174636363983,,True,
cat_mug_n5_r32_ts42__adapter__p06__gs33,cat_mug_n5_r32_ts42,cat_mug,p06,33,adapter,,32,5,0.5971983075141907,0.31551218032836914,,True,
cat_mug_n5_r32_ts42__adapter__p06__gs44,cat_mug_n5_r32_ts42,cat_mug,p06,44,adapter,,32,5,0.6971089839935303,0.2610698342323303,,True,
cat_mug_n5_r32_ts42__adapter__p07__gs11,cat_mug_n5_r32_ts42,cat_mug,p07,11,adapter,,32,5,0.5753470659255981,0.2898545563220978,,True,
cat_mug_n5_r32_ts42__adapter__p07__gs22,cat_mug_n5_r32_ts42,cat_mug,p07,22,adapter,,32,5,0.644425630569458,0.28355756402015686,,True,
cat_mug_n5_r32_ts42__adapter__p07__gs33,cat_mug_n5_r32_ts42,cat_mug,p07,33,adapter,,32,5,0.6608671545982361,0.27623844146728516,,True,
cat_mug_n5_r32_ts42__adapter__p07__gs44,cat_mug_n5_r32_ts42,cat_mug,p07,44,adapter,,32,5,0.5999064445495605,0.28406062722206116,,True,
cat_mug_n5_r32_ts42__adapter__p08__gs11,cat_mug_n5_r32_ts42,cat_mug,p08,11,adapter,,32,5,0.5192548632621765,0.2583842873573303,,True,
cat_mug_n5_r32_ts42__adapter__p08__gs22,cat_mug_n5_r32_ts42,cat_mug,p08,22,adapter,,32,5,0.5936442613601685,0.2508057951927185,,True,
cat_mug_n5_r32_ts42__adapter__p08__gs33,cat_mug_n5_r32_ts42,cat_mug,p08,33,adapter,,32,5,0.5956998467445374,0.2597363591194153,,True,
cat_mug_n5_r32_ts42__adapter__p08__gs44,cat_mug_n5_r32_ts42,cat_mug,p08,44,adapter,,32,5,0.6061123609542847,0.22709618508815765,,True,
cat_mug_n5_r32_ts42__base__p01__gs11,cat_mug_n5_r32_ts42,cat_mug,p01,11,base,,32,5,0.1878814399242401,0.29347097873687744,,True,
cat_mug_n5_r32_ts42__base__p01__gs22,cat_mug_n5_r32_ts42,cat_mug,p01,22,base,,32,5,0.1905764937400818,0.29210764169692993,,True,
cat_mug_n5_r32_ts42__base__p01__gs33,cat_mug_n5_r32_ts42,cat_mug,p01,33,base,,32,5,0.2088860422372818,0.29274341464042664,,True,
cat_mug_n5_r32_ts42__base__p01__gs44,cat_mug_n5_r32_ts42,cat_mug,p01,44,base,,32,5,0.1540432572364807,0.298353374004364,,True,
cat_mug_n5_r32_ts42__base__p02__gs11,cat_mug_n5_r32_ts42,cat_mug,p02,11,base,,32,5,0.09380367398262024,0.3247663080692291,,True,
cat_mug_n5_r32_ts42__base__p02__gs22,cat_mug_n5_r32_ts42,cat_mug,p02,22,base,,32,5,0.2741566002368927,0.28634846210479736,,True,
cat_mug_n5_r32_ts42__base__p02__gs33,cat_mug_n5_r32_ts42,cat_mug,p02,33,base,,32,5,0.2048940360546112,0.2549492120742798,,True,
cat_mug_n5_r32_ts42__base__p02__gs44,cat_mug_n5_r32_ts42,cat_mug,p02,44,base,,32,5,0.19943761825561523,0.30466222763061523,,True,
cat_mug_n5_r32_ts42__base__p03__gs11,cat_mug_n5_r32_ts42,cat_mug,p03,11,base,,32,5,0.14302781224250793,0.32886528968811035,,True,
cat_mug_n5_r32_ts42__base__p03__gs22,cat_mug_n5_r32_ts42,cat_mug,p03,22,base,,32,5,0.1462835818529129,0.29359421133995056,,True,
cat_mug_n5_r32_ts42__base__p03__gs33,cat_mug_n5_r32_ts42,cat_mug,p03,33,base,,32,5,0.09415451437234879,0.33782801032066345,,True,
cat_mug_n5_r32_ts42__base__p03__gs44,cat_mug_n5_r32_ts42,cat_mug,p03,44,base,,32,5,0.11506813764572144,0.2953105866909027,,True,
cat_mug_n5_r32_ts42__base__p04__gs11,cat_mug_n5_r32_ts42,cat_mug,p04,11,base,,32,5,0.035716861486434937,0.2463241070508957,,True,
cat_mug_n5_r32_ts42__base__p04__gs22,cat_mug_n5_r32_ts42,cat_mug,p04,22,base,,32,5,0.16363553702831268,0.33212774991989136,,True,
cat_mug_n5_r32_ts42__base__p04__gs33,cat_mug_n5_r32_ts42,cat_mug,p04,33,base,,32,5,0.10037948936223984,0.311075359582901,,True,
cat_mug_n5_r32_ts42__base__p04__gs44,cat_mug_n5_r32_ts42,cat_mug,p04,44,base,,32,5,0.016866566613316536,0.29725897312164307,,True,
cat_mug_n5_r32_ts42__base__p05__gs11,cat_mug_n5_r32_ts42,cat_mug,p05,11,base,,32,5,0.060550883412361145,0.2791910469532013,,True,
cat_mug_n5_r32_ts42__base__p05__gs22,cat_mug_n5_r32_ts42,cat_mug,p05,22,base,,32,5,0.08620385080575943,0.2953113317489624,,True,
cat_mug_n5_r32_ts42__base__p05__gs33,cat_mug_n5_r32_ts42,cat_mug,p05,33,base,,32,5,0.11623269319534302,0.2618700861930847,,True,
cat_mug_n5_r32_ts42__base__p05__gs44,cat_mug_n5_r32_ts42,cat_mug,p05,44,base,,32,5,0.16420507431030273,0.27198755741119385,,True,
cat_mug_n5_r32_ts42__base__p06__gs11,cat_mug_n5_r32_ts42,cat_mug,p06,11,base,,32,5,0.18746070563793182,0.3004242777824402,,True,
cat_mug_n5_r32_ts42__base__p06__gs22,cat_mug_n5_r32_ts42,cat_mug,p06,22,base,,32,5,0.14725711941719055,0.3021765649318695,,True,
cat_mug_n5_r32_ts42__base__p06__gs33,cat_mug_n5_r32_ts42,cat_mug,p06,33,base,,32,5,0.2119027078151703,0.32757338881492615,,True,
cat_mug_n5_r32_ts42__base__p06__gs44,cat_mug_n5_r32_ts42,cat_mug,p06,44,base,,32,5,0.25586265325546265,0.31712833046913147,,True,
cat_mug_n5_r32_ts42__base__p07__gs11,cat_mug_n5_r32_ts42,cat_mug,p07,11,base,,32,5,0.13555015623569489,0.36531445384025574,,True,
cat_mug_n5_r32_ts42__base__p07__gs22,cat_mug_n5_r32_ts42,cat_mug,p07,22,base,,32,5,0.09530550241470337,0.36417683959007263,,True,
cat_mug_n5_r32_ts42__base__p07__gs33,cat_mug_n5_r32_ts42,cat_mug,p07,33,base,,32,5,0.1906282752752304,0.3488640785217285,,True,
cat_mug_n5_r32_ts42__base__p07__gs44,cat_mug_n5_r32_ts42,cat_mug,p07,44,base,,32,5,0.16497360169887543,0.3856242299079895,,True,
cat_mug_n5_r32_ts42__base__p08__gs11,cat_mug_n5_r32_ts42,cat_mug,p08,11,base,,32,5,0.016680950298905373,0.3076472282409668,,True,
cat_mug_n5_r32_ts42__base__p08__gs22,cat_mug_n5_r32_ts42,cat_mug,p08,22,base,,32,5,0.019846389070153236,0.2836255729198456,,True,
cat_mug_n5_r32_ts42__base__p08__gs33,cat_mug_n5_r32_ts42,cat_mug,p08,33,base,,32,5,0.04567182809114456,0.31151923537254333,,True,
cat_mug_n5_r32_ts42__base__p08__gs44,cat_mug_n5_r32_ts42,cat_mug,p08,44,base,,32,5,0.0623866468667984,0.31523430347442627,,True,
cat_mug_n5_r4_ts42__adapter__p01__gs11,cat_mug_n5_r4_ts42,cat_mug,p01,11,adapter,,4,5,0.5447308421134949,0.3030704855918884,,True,
cat_mug_n5_r4_ts42__adapter__p01__gs22,cat_mug_n5_r4_ts42,cat_mug,p01,22,adapter,,4,5,0.5910895466804504,0.2896893620491028,,True,
cat_mug_n5_r4_ts42__adapter__p01__gs33,cat_mug_n5_r4_ts42,cat_mug,p01,33,adapter,,4,5,0.5929883718490601,0.2956390380859375,,True,
cat_mug_n5_r4_ts42__adapter__p01__gs44,cat_mug_n5_r4_ts42,cat_mug,p01,44,adapter,,4,5,0.5958414673805237,0.28388333320617676,,True,
cat_mug_n5_r4_ts42__adapter__p02__gs11,cat_mug_n5_r4_ts42,cat_mug,p02,11,adapter,,4,5,0.5617514848709106,0.28726425766944885,,True,
cat_mug_n5_r4_ts42__adapter__p02__gs22,cat_mug_n5_r4_ts42,cat_mug,p02,22,adapter,,4,5,0.5763145685195923,0.28265243768692017,,True,
cat_mug_n5_r4_ts42__adapter__p02__gs33,cat_mug_n5_r4_ts42,cat_mug,p02,33,adapter,,4,5,0.5765025615692139,0.2679993510246277,,True,
cat_mug_n5_r4_ts42__adapter__p02__gs44,cat_mug_n5_r4_ts42,cat_mug,p02,44,adapter,,4,5,0.5961122512817383,0.2582854926586151,,True,
cat_mug_n5_r4_ts42__adapter__p03__gs11,cat_mug_n5_r4_ts42,cat_mug,p03,11,adapter,,4,5,0.3392326831817627,0.34372878074645996,,True,
cat_mug_n5_r4_ts42__adapter__p03__gs22,cat_mug_n5_r4_ts42,cat_mug,p03,22,adapter,,4,5,0.49843108654022217,0.26659032702445984,,True,
cat_mug_n5_r4_ts42__adapter__p03__gs33,cat_mug_n5_r4_ts42,cat_mug,p03,33,adapter,,4,5,0.5678459405899048,0.28879714012145996,,True,
cat_mug_n5_r4_ts42__adapter__p03__gs44,cat_mug_n5_r4_ts42,cat_mug,p03,44,adapter,,4,5,0.5222645401954651,0.30905473232269287,,True,
cat_mug_n5_r4_ts42__adapter__p04__gs11,cat_mug_n5_r4_ts42,cat_mug,p04,11,adapter,,4,5,0.32018813490867615,0.3072362542152405,,True,
cat_mug_n5_r4_ts42__adapter__p04__gs22,cat_mug_n5_r4_ts42,cat_mug,p04,22,adapter,,4,5,0.4827159643173218,0.2889946699142456,,True,
cat_mug_n5_r4_ts42__adapter__p04__gs33,cat_mug_n5_r4_ts42,cat_mug,p04,33,adapter,,4,5,0.5372934341430664,0.31855708360671997,,True,
cat_mug_n5_r4_ts42__adapter__p04__gs44,cat_mug_n5_r4_ts42,cat_mug,p04,44,adapter,,4,5,0.026126444339752197,0.22435039281845093,,True,
cat_mug_n5_r4_ts42__adapter__p05__gs11,cat_mug_n5_r4_ts42,cat_mug,p05,11,adapter,,4,5,0.51146399974823,0.3077608346939087,,True,
cat_mug_n5_r4_ts42__adapter__p05__gs22,cat_mug_n5_r4_ts42,cat_mug,p05,22,adapter,,4,5,0.5382272601127625,0.30003616213798523,,True,
cat_mug_n5_r4_ts42__adapter__p05__gs33,cat_mug_n5_r4_ts42,cat_mug,p05,33,adapter,,4,5,0.4256609082221985,0.2999897301197052,,True,
cat_mug_n5_r4_ts42__adapter__p05__gs44,cat_mug_n5_r4_ts42,cat_mug,p05,44,adapter,,4,5,0.47013187408447266,0.27539700269699097,,True,
cat_mug_n5_r4_ts42__adapter__p06__gs11,cat_mug_n5_r4_ts42,cat_mug,p06,11,adapter,,4,5,0.4871501326560974,0.3074609935283661,,True,
cat_mug_n5_r4_ts42__adapter__p06__gs22,cat_mug_n5_r4_ts42,cat_mug,p06,22,adapter,,4,5,0.5086843967437744,0.2890428602695465,,True,
cat_mug_n5_r4_ts42__adapter__p06__gs33,cat_mug_n5_r4_ts42,cat_mug,p06,33,adapter,,4,5,0.6192054748535156,0.3044213056564331,,True,
cat_mug_n5_r4_ts42__adapter__p06__gs44,cat_mug_n5_r4_ts42,cat_mug,p06,44,adapter,,4,5,0.5899052619934082,0.2874450087547302,,True,
cat_mug_n5_r4_ts42__adapter__p07__gs11,cat_mug_n5_r4_ts42,cat_mug,p07,11,adapter,,4,5,0.2913527190685272,0.2958005666732788,,True,
cat_mug_n5_r4_ts42__adapter__p07__gs22,cat_mug_n5_r4_ts42,cat_mug,p07,22,adapter,,4,5,0.3196966052055359,0.30361753702163696,,True,
cat_mug_n5_r4_ts42__adapter__p07__gs33,cat_mug_n5_r4_ts42,cat_mug,p07,33,adapter,,4,5,0.49340522289276123,0.29166293144226074,,True,
cat_mug_n5_r4_ts42__adapter__p07__gs44,cat_mug_n5_r4_ts42,cat_mug,p07,44,adapter,,4,5,0.534142792224884,0.2900514602661133,,True,
cat_mug_n5_r4_ts42__adapter__p08__gs11,cat_mug_n5_r4_ts42,cat_mug,p08,11,adapter,,4,5,0.1293853223323822,0.34518495202064514,,True,
cat_mug_n5_r4_ts42__adapter__p08__gs22,cat_mug_n5_r4_ts42,cat_mug,p08,22,adapter,,4,5,0.15385892987251282,0.3291565179824829,,True,
cat_mug_n5_r4_ts42__adapter__p08__gs33,cat_mug_n5_r4_ts42,cat_mug,p08,33,adapter,,4,5,0.3468959927558899,0.24179846048355103,,True,
cat_mug_n5_r4_ts42__adapter__p08__gs44,cat_mug_n5_r4_ts42,cat_mug,p08,44,adapter,,4,5,0.2731742560863495,0.33524107933044434,,True,
cat_mug_n5_r4_ts42__base__p01__gs11,cat_mug_n5_r4_ts42,cat_mug,p01,11,base,,4,5,0.1878814399242401,0.29347097873687744,,True,
cat_mug_n5_r4_ts42__base__p01__gs22,cat_mug_n5_r4_ts42,cat_mug,p01,22,base,,4,5,0.1905764937400818,0.29210764169692993,,True,
cat_mug_n5_r4_ts42__base__p01__gs33,cat_mug_n5_r4_ts42,cat_mug,p01,33,base,,4,5,0.2088860422372818,0.29274341464042664,,True,
cat_mug_n5_r4_ts42__base__p01__gs44,cat_mug_n5_r4_ts42,cat_mug,p01,44,base,,4,5,0.1540432572364807,0.298353374004364,,True,
cat_mug_n5_r4_ts42__base__p02__gs11,cat_mug_n5_r4_ts42,cat_mug,p02,11,base,,4,5,0.09380367398262024,0.3247663080692291,,True,
cat_mug_n5_r4_ts42__base__p02__gs22,cat_mug_n5_r4_ts42,cat_mug,p02,22,base,,4,5,0.2741566002368927,0.28634846210479736,,True,
cat_mug_n5_r4_ts42__base__p02__gs33,cat_mug_n5_r4_ts42,cat_mug,p02,33,base,,4,5,0.2048940360546112,0.2549492120742798,,True,
cat_mug_n5_r4_ts42__base__p02__gs44,cat_mug_n5_r4_ts42,cat_mug,p02,44,base,,4,5,0.19943761825561523,0.30466222763061523,,True,
cat_mug_n5_r4_ts42__base__p03__gs11,cat_mug_n5_r4_ts42,cat_mug,p03,11,base,,4,5,0.14302781224250793,0.32886528968811035,,True,
cat_mug_n5_r4_ts42__base__p03__gs22,cat_mug_n5_r4_ts42,cat_mug,p03,22,base,,4,5,0.1462835818529129,0.29359421133995056,,True,
cat_mug_n5_r4_ts42__base__p03__gs33,cat_mug_n5_r4_ts42,cat_mug,p03,33,base,,4,5,0.09415451437234879,0.33782801032066345,,True,
cat_mug_n5_r4_ts42__base__p03__gs44,cat_mug_n5_r4_ts42,cat_mug,p03,44,base,,4,5,0.11506813764572144,0.2953105866909027,,True,
cat_mug_n5_r4_ts42__base__p04__gs11,cat_mug_n5_r4_ts42,cat_mug,p04,11,base,,4,5,0.035716861486434937,0.2463241070508957,,True,
cat_mug_n5_r4_ts42__base__p04__gs22,cat_mug_n5_r4_ts42,cat_mug,p04,22,base,,4,5,0.16363553702831268,0.33212774991989136,,True,
cat_mug_n5_r4_ts42__base__p04__gs33,cat_mug_n5_r4_ts42,cat_mug,p04,33,base,,4,5,0.10037948936223984,0.311075359582901,,True,
cat_mug_n5_r4_ts42__base__p04__gs44,cat_mug_n5_r4_ts42,cat_mug,p04,44,base,,4,5,0.016866566613316536,0.29725897312164307,,True,
cat_mug_n5_r4_ts42__base__p05__gs11,cat_mug_n5_r4_ts42,cat_mug,p05,11,base,,4,5,0.060550883412361145,0.2791910469532013,,True,
cat_mug_n5_r4_ts42__base__p05__gs22,cat_mug_n5_r4_ts42,cat_mug,p05,22,base,,4,5,0.08620385080575943,0.2953113317489624,,True,
cat_mug_n5_r4_ts42__base__p05__gs33,cat_mug_n5_r4_ts42,cat_mug,p05,33,base,,4,5,0.11623269319534302,0.2618700861930847,,True,
cat_mug_n5_r4_ts42__base__p05__gs44,cat_mug_n5_r4_ts42,cat_mug,p05,44,base,,4,5,0.16420507431030273,0.27198755741119385,,True,
cat_mug_n5_r4_ts42__base__p06__gs11,cat_mug_n5_r4_ts42,cat_mug,p06,11,base,,4,5,0.18746070563793182,0.3004242777824402,,True,
cat_mug_n5_r4_ts42__base__p06__gs22,cat_mug_n5_r4_ts42,cat_mug,p06,22,base,,4,5,0.14725711941719055,0.3021765649318695,,True,
cat_mug_n5_r4_ts42__base__p06__gs33,cat_mug_n5_r4_ts42,cat_mug,p06,33,base,,4,5,0.2119027078151703,0.32757338881492615,,True,
cat_mug_n5_r4_ts42__base__p06__gs44,cat_mug_n5_r4_ts42,cat_mug,p06,44,base,,4,5,0.25586265325546265,0.31712833046913147,,True,
cat_mug_n5_r4_ts42__base__p07__gs11,cat_mug_n5_r4_ts42,cat_mug,p07,11,base,,4,5,0.13555015623569489,0.36531445384025574,,True,
cat_mug_n5_r4_ts42__base__p07__gs22,cat_mug_n5_r4_ts42,cat_mug,p07,22,base,,4,5,0.09530550241470337,0.36417683959007263,,True,
cat_mug_n5_r4_ts42__base__p07__gs33,cat_mug_n5_r4_ts42,cat_mug,p07,33,base,,4,5,0.1906282752752304,0.3488640785217285,,True,
cat_mug_n5_r4_ts42__base__p07__gs44,cat_mug_n5_r4_ts42,cat_mug,p07,44,base,,4,5,0.16497360169887543,0.3856242299079895,,True,
cat_mug_n5_r4_ts42__base__p08__gs11,cat_mug_n5_r4_ts42,cat_mug,p08,11,base,,4,5,0.016680950298905373,0.3076472282409668,,True,
cat_mug_n5_r4_ts42__base__p08__gs22,cat_mug_n5_r4_ts42,cat_mug,p08,22,base,,4,5,0.019846389070153236,0.2836255729198456,,True,
cat_mug_n5_r4_ts42__base__p08__gs33,cat_mug_n5_r4_ts42,cat_mug,p08,33,base,,4,5,0.04567182809114456,0.31151923537254333,,True,
cat_mug_n5_r4_ts42__base__p08__gs44,cat_mug_n5_r4_ts42,cat_mug,p08,44,base,,4,5,0.0623866468667984,0.31523430347442627,,True,
dog_plush_n10_r16_ts42__adapter__p01__gs11,dog_plush_n10_r16_ts42,dog_plush,p01,11,adapter,,16,10,,,,False,DINO: generated image does not exist: /home/adminbum/Deepfinal/artifacts/dog_plush_n10_r16_ts42/generations/evaluation/adapter/dog_plush_n10_r16_ts42__p01__gs11.png; CLIP: generated image does not exist: /home/adminbum/Deepfinal/artifacts/dog_plush_n10_r16_ts42/generations/evaluation/adapter/dog_plush_n10_r16_ts42__p01__gs11.png
dog_plush_n10_r16_ts42__adapter__p01__gs22,dog_plush_n10_r16_ts42,dog_plush,p01,22,adapter,,16,10,,,,False,DINO: generated image does not exist: /home/adminbum/Deepfinal/artifacts/dog_plush_n10_r16_ts42/generations/evaluation/adapter/dog_plush_n10_r16_ts42__p01__gs22.png; CLIP: generated image does not exist: /home/adminbum/Deepfinal/artifacts/dog_plush_n10_r16_ts42/generations/evaluation/adapter/dog_plush_n10_r16_ts42__p01__gs22.png
dog_plush_n10_r16_ts42__adapter__p01__gs33,dog_plush_n10_r16_ts42,dog_plush,p01,33,adapter,,16,10,,,,False,DINO: generated image does not exist: /home/adminbum/Deepfinal/artifacts/dog_plush_n10_r16_ts42/generations/evaluation/adapter/dog_plush_n10_r16_ts42__p01__gs33.png; CLIP: generated image does not exist: /home/adminbum/Deepfinal/artifacts/dog_plush_n10_r16_ts42/generations/evaluation/adapter/dog_plush_n10_r16_ts42__p01__gs33.png
dog_plush_n10_r16_ts42__adapter__p01__gs44,dog_plush_n10_r16_ts42,dog_plush,p01,44,adapter,,16,10,,,,False,DINO: generated image does not exist: /home/adminbum/Deepfinal/artifacts/dog_plush_n10_r16_ts42/generations/evaluation/adapter/dog_plush_n10_r16_ts42__p01__gs44.png; CLIP: generated image does not exist: /home/adminbum/Deepfinal/artifacts/dog_plush_n10_r16_ts42/generations/evaluation/adapter/dog_plush_n10_r16_ts42__p01__gs44.png
dog_plush_n10_r16_ts42__adapter__p02__gs11,dog_plush_n10_r16_ts42,dog_plush,p02,11,adapter,,16,10,,,,False,DINO: generated image does not exist: /home/adminbum/Deepfinal/artifacts/dog_plush_n10_r16_ts42/generations/evaluation/adapter/dog_plush_n10_r16_ts42__p02__gs11.png; CLIP: generated image does not exist: /home/adminbum/Deepfinal/artifacts/dog_plush_n10_r16_ts42/generations/evaluation/adapter/dog_plush_n10_r16_ts42__p02__gs11.png
dog_plush_n10_r16_ts42__adapter__p02__gs22,dog_plush_n10_r16_ts42,dog_plush,p02,22,adapter,,16,10,,,,False,DINO: generated image does not exist: /home/adminbum/Deepfinal/artifacts/dog_plush_n10_r16_ts42/generations/evaluation/adapter/dog_plush_n10_r16_ts42__p02__gs22.png; CLIP: generated image does not exist: /home/adminbum/Deepfinal/artifacts/dog_plush_n10_r16_ts42/generations/evaluation/adapter/dog_plush_n10_r16_ts42__p02__gs22.png
dog_plush_n10_r16_ts42__adapter__p02__gs33,dog_plush_n10_r16_ts42,dog_plush,p02,33,adapter,,16,10,,,,False,DINO: generated image does not exist: /home/adminbum/Deepfinal/artifacts/dog_plush_n10_r16_ts42/generations/evaluation/adapter/dog_plush_n10_r16_ts42__p02__gs33.png; CLIP: generated image does not exist: /home/adminbum/Deepfinal/artifacts/dog_plush_n10_r16_ts42/generations/evaluation/adapter/dog_plush_n10_r16_ts42__p02__gs33.png
dog_plush_n10_r16_ts42__adapter__p02__gs44,dog_plush_n10_r16_ts42,dog_plush,p02,44,adapter,,16,10,,,,False,DINO: generated image does not exist: /home/adminbum/Deepfinal/artifacts/dog_plush_n10_r16_ts42/generations/evaluation/adapter/dog_plush_n10_r16_ts42__p02__gs44.png; CLIP: generated image does not exist: /home/adminbum/Deepfinal/artifacts/dog_plush_n10_r16_ts42/generations/evaluation/adapter/dog_plush_n10_r16_ts42__p02__gs44.png
dog_plush_n10_r16_ts42__adapter__p03__gs11,dog_plush_n10_r16_ts42,dog_plush,p03,11,adapter,,16,10,,,,False,DINO: generated image does not exist: /home/adminbum/Deepfinal/artifacts/dog_plush_n10_r16_ts42/generations/evaluation/adapter/dog_plush_n10_r16_ts42__p03__gs11.png; CLIP: generated image does not exist: /home/adminbum/Deepfinal/artifacts/dog_plush_n10_r16_ts42/generations/evaluation/adapter/dog_plush_n10_r16_ts42__p03__gs11.png
dog_plush_n10_r16_ts42__adapter__p03__gs22,dog_plush_n10_r16_ts42,dog_plush,p03,22,adapter,,16,10,,,,False,DINO: generated image does not exist: /home/adminbum/Deepfinal/artifacts/dog_plush_n10_r16_ts42/generations/evaluation/adapter/dog_plush_n10_r16_ts42__p03__gs22.png; CLIP: generated image does not exist: /home/adminbum/Deepfinal/artifacts/dog_plush_n10_r16_ts42/generations/evaluation/adapter/dog_plush_n10_r16_ts42__p03__gs22.png
dog_plush_n10_r16_ts42__adapter__p03__gs33,dog_plush_n10_r16_ts42,dog_plush,p03,33,adapter,,16,10,,,,False,DINO: generated image does not exist: /home/adminbum/Deepfinal/artifacts/dog_plush_n10_r16_ts42/generations/evaluation/adapter/dog_plush_n10_r16_ts42__p03__gs33.png; CLIP: generated image does not exist: /home/adminbum/Deepfinal/artifacts/dog_plush_n10_r16_ts42/generations/evaluation/adapter/dog_plush_n10_r16_ts42__p03__gs33.png
dog_plush_n10_r16_ts42__adapter__p03__gs44,dog_plush_n10_r16_ts42,dog_plush,p03,44,adapter,,16,10,,,,False,DINO: generated image does not exist: /home/adminbum/Deepfinal/artifacts/dog_plush_n10_r16_ts42/generations/evaluation/adapter/dog_plush_n10_r16_ts42__p03__gs44.png; CLIP: generated image does not exist: /home/adminbum/Deepfinal/artifacts/dog_plush_n10_r16_ts42/generations/evaluation/adapter/dog_plush_n10_r16_ts42__p03__gs44.png
dog_plush_n10_r16_ts42__adapter__p04__gs11,dog_plush_n10_r16_ts42,dog_plush,p04,11,adapter,,16,10,,,,False,DINO: generated image does not exist: /home/adminbum/Deepfinal/artifacts/dog_plush_n10_r16_ts42/generations/evaluation/adapter/dog_plush_n10_r16_ts42__p04__gs11.png; CLIP: generated image does not exist: /home/adminbum/Deepfinal/artifacts/dog_plush_n10_r16_ts42/generations/evaluation/adapter/dog_plush_n10_r16_ts42__p04__gs11.png
dog_plush_n10_r16_ts42__adapter__p04__gs22,dog_plush_n10_r16_ts42,dog_plush,p04,22,adapter,,16,10,,,,False,DINO: generated image does not exist: /home/adminbum/Deepfinal/artifacts/dog_plush_n10_r16_ts42/generations/evaluation/adapter/dog_plush_n10_r16_ts42__p04__gs22.png; CLIP: generated image does not exist: /home/adminbum/Deepfinal/artifacts/dog_plush_n10_r16_ts42/generations/evaluation/adapter/dog_plush_n10_r16_ts42__p04__gs22.png
dog_plush_n10_r16_ts42__adapter__p04__gs33,dog_plush_n10_r16_ts42,dog_plush,p04,33,adapter,,16,10,,,,False,DINO: generated image does not exist: /home/adminbum/Deepfinal/artifacts/dog_plush_n10_r16_ts42/generations/evaluation/adapter/dog_plush_n10_r16_ts42__p04__gs33.png; CLIP: generated image does not exist: /home/adminbum/Deepfinal/artifacts/dog_plush_n10_r16_ts42/generations/evaluation/adapter/dog_plush_n10_r16_ts42__p04__gs33.png
dog_plush_n10_r16_ts42__adapter__p04__gs44,dog_plush_n10_r16_ts42,dog_plush,p04,44,adapter,,16,10,,,,False,DINO: generated image does not exist: /home/adminbum/Deepfinal/artifacts/dog_plush_n10_r16_ts42/generations/evaluation/adapter/dog_plush_n10_r16_ts42__p04__gs44.png; CLIP: generated image does not exist: /home/adminbum/Deepfinal/artifacts/dog_plush_n10_r16_ts42/generations/evaluation/adapter/dog_plush_n10_r16_ts42__p04__gs44.png
dog_plush_n10_r16_ts42__adapter__p05__gs11,dog_plush_n10_r16_ts42,dog_plush,p05,11,adapter,,16,10,,,,False,DINO: generated image does not exist: /home/adminbum/Deepfinal/artifacts/dog_plush_n10_r16_ts42/generations/evaluation/adapter/dog_plush_n10_r16_ts42__p05__gs11.png; CLIP: generated image does not exist: /home/adminbum/Deepfinal/artifacts/dog_plush_n10_r16_ts42/generations/evaluation/adapter/dog_plush_n10_r16_ts42__p05__gs11.png
dog_plush_n10_r16_ts42__adapter__p05__gs22,dog_plush_n10_r16_ts42,dog_plush,p05,22,adapter,,16,10,,,,False,DINO: generated image does not exist: /home/adminbum/Deepfinal/artifacts/dog_plush_n10_r16_ts42/generations/evaluation/adapter/dog_plush_n10_r16_ts42__p05__gs22.png; CLIP: generated image does not exist: /home/adminbum/Deepfinal/artifacts/dog_plush_n10_r16_ts42/generations/evaluation/adapter/dog_plush_n10_r16_ts42__p05__gs22.png
dog_plush_n10_r16_ts42__adapter__p05__gs33,dog_plush_n10_r16_ts42,dog_plush,p05,33,adapter,,16,10,,,,False,DINO: generated image does not exist: /home/adminbum/Deepfinal/artifacts/dog_plush_n10_r16_ts42/generations/evaluation/adapter/dog_plush_n10_r16_ts42__p05__gs33.png; CLIP: generated image does not exist: /home/adminbum/Deepfinal/artifacts/dog_plush_n10_r16_ts42/generations/evaluation/adapter/dog_plush_n10_r16_ts42__p05__gs33.png
dog_plush_n10_r16_ts42__adapter__p05__gs44,dog_plush_n10_r16_ts42,dog_plush,p05,44,adapter,,16,10,,,,False,DINO: generated image does not exist: /home/adminbum/Deepfinal/artifacts/dog_plush_n10_r16_ts42/generations/evaluation/adapter/dog_plush_n10_r16_ts42__p05__gs44.png; CLIP: generated image does not exist: /home/adminbum/Deepfinal/artifacts/dog_plush_n10_r16_ts42/generations/evaluation/adapter/dog_plush_n10_r16_ts42__p05__gs44.png
dog_plush_n10_r16_ts42__adapter__p06__gs11,dog_plush_n10_r16_ts42,dog_plush,p06,11,adapter,,16,10,,,,False,DINO: generated image does not exist: /home/adminbum/Deepfinal/artifacts/dog_plush_n10_r16_ts42/generations/evaluation/adapter/dog_plush_n10_r16_ts42__p06__gs11.png; CLIP: generated image does not exist: /home/adminbum/Deepfinal/artifacts/dog_plush_n10_r16_ts42/generations/evaluation/adapter/dog_plush_n10_r16_ts42__p06__gs11.png
dog_plush_n10_r16_ts42__adapter__p06__gs22,dog_plush_n10_r16_ts42,dog_plush,p06,22,adapter,,16,10,,,,False,DINO: generated image does not exist: /home/adminbum/Deepfinal/artifacts/dog_plush_n10_r16_ts42/generations/evaluation/adapter/dog_plush_n10_r16_ts42__p06__gs22.png; CLIP: generated image does not exist: /home/adminbum/Deepfinal/artifacts/dog_plush_n10_r16_ts42/generations/evaluation/adapter/dog_plush_n10_r16_ts42__p06__gs22.png
dog_plush_n10_r16_ts42__adapter__p06__gs33,dog_plush_n10_r16_ts42,dog_plush,p06,33,adapter,,16,10,,,,False,DINO: generated image does not exist: /home/adminbum/Deepfinal/artifacts/dog_plush_n10_r16_ts42/generations/evaluation/adapter/dog_plush_n10_r16_ts42__p06__gs33.png; CLIP: generated image does not exist: /home/adminbum/Deepfinal/artifacts/dog_plush_n10_r16_ts42/generations/evaluation/adapter/dog_plush_n10_r16_ts42__p06__gs33.png
dog_plush_n10_r16_ts42__adapter__p06__gs44,dog_plush_n10_r16_ts42,dog_plush,p06,44,adapter,,16,10,,,,False,DINO: generated image does not exist: /home/adminbum/Deepfinal/artifacts/dog_plush_n10_r16_ts42/generations/evaluation/adapter/dog_plush_n10_r16_ts42__p06__gs44.png; CLIP: generated image does not exist: /home/adminbum/Deepfinal/artifacts/dog_plush_n10_r16_ts42/generations/evaluation/adapter/dog_plush_n10_r16_ts42__p06__gs44.png
dog_plush_n10_r16_ts42__adapter__p07__gs11,dog_plush_n10_r16_ts42,dog_plush,p07,11,adapter,,16,10,,,,False,DINO: generated image does not exist: /home/adminbum/Deepfinal/artifacts/dog_plush_n10_r16_ts42/generations/evaluation/adapter/dog_plush_n10_r16_ts42__p07__gs11.png; CLIP: generated image does not exist: /home/adminbum/Deepfinal/artifacts/dog_plush_n10_r16_ts42/generations/evaluation/adapter/dog_plush_n10_r16_ts42__p07__gs11.png
dog_plush_n10_r16_ts42__adapter__p07__gs22,dog_plush_n10_r16_ts42,dog_plush,p07,22,adapter,,16,10,,,,False,DINO: generated image does not exist: /home/adminbum/Deepfinal/artifacts/dog_plush_n10_r16_ts42/generations/evaluation/adapter/dog_plush_n10_r16_ts42__p07__gs22.png; CLIP: generated image does not exist: /home/adminbum/Deepfinal/artifacts/dog_plush_n10_r16_ts42/generations/evaluation/adapter/dog_plush_n10_r16_ts42__p07__gs22.png
dog_plush_n10_r16_ts42__adapter__p07__gs33,dog_plush_n10_r16_ts42,dog_plush,p07,33,adapter,,16,10,,,,False,DINO: generated image does not exist: /home/adminbum/Deepfinal/artifacts/dog_plush_n10_r16_ts42/generations/evaluation/adapter/dog_plush_n10_r16_ts42__p07__gs33.png; CLIP: generated image does not exist: /home/adminbum/Deepfinal/artifacts/dog_plush_n10_r16_ts42/generations/evaluation/adapter/dog_plush_n10_r16_ts42__p07__gs33.png
dog_plush_n10_r16_ts42__adapter__p07__gs44,dog_plush_n10_r16_ts42,dog_plush,p07,44,adapter,,16,10,,,,False,DINO: generated image does not exist: /home/adminbum/Deepfinal/artifacts/dog_plush_n10_r16_ts42/generations/evaluation/adapter/dog_plush_n10_r16_ts42__p07__gs44.png; CLIP: generated image does not exist: /home/adminbum/Deepfinal/artifacts/dog_plush_n10_r16_ts42/generations/evaluation/adapter/dog_plush_n10_r16_ts42__p07__gs44.png
dog_plush_n10_r16_ts42__adapter__p08__gs11,dog_plush_n10_r16_ts42,dog_plush,p08,11,adapter,,16,10,,,,False,DINO: generated image does not exist: /home/adminbum/Deepfinal/artifacts/dog_plush_n10_r16_ts42/generations/evaluation/adapter/dog_plush_n10_r16_ts42__p08__gs11.png; CLIP: generated image does not exist: /home/adminbum/Deepfinal/artifacts/dog_plush_n10_r16_ts42/generations/evaluation/adapter/dog_plush_n10_r16_ts42__p08__gs11.png
dog_plush_n10_r16_ts42__adapter__p08__gs22,dog_plush_n10_r16_ts42,dog_plush,p08,22,adapter,,16,10,,,,False,DINO: generated image does not exist: /home/adminbum/Deepfinal/artifacts/dog_plush_n10_r16_ts42/generations/evaluation/adapter/dog_plush_n10_r16_ts42__p08__gs22.png; CLIP: generated image does not exist: /home/adminbum/Deepfinal/artifacts/dog_plush_n10_r16_ts42/generations/evaluation/adapter/dog_plush_n10_r16_ts42__p08__gs22.png
dog_plush_n10_r16_ts42__adapter__p08__gs33,dog_plush_n10_r16_ts42,dog_plush,p08,33,adapter,,16,10,,,,False,DINO: generated image does not exist: /home/adminbum/Deepfinal/artifacts/dog_plush_n10_r16_ts42/generations/evaluation/adapter/dog_plush_n10_r16_ts42__p08__gs33.png; CLIP: generated image does not exist: /home/adminbum/Deepfinal/artifacts/dog_plush_n10_r16_ts42/generations/evaluation/adapter/dog_plush_n10_r16_ts42__p08__gs33.png
dog_plush_n10_r16_ts42__adapter__p08__gs44,dog_plush_n10_r16_ts42,dog_plush,p08,44,adapter,,16,10,,,,False,DINO: generated image does not exist: /home/adminbum/Deepfinal/artifacts/dog_plush_n10_r16_ts42/generations/evaluation/adapter/dog_plush_n10_r16_ts42__p08__gs44.png; CLIP: generated image does not exist: /home/adminbum/Deepfinal/artifacts/dog_plush_n10_r16_ts42/generations/evaluation/adapter/dog_plush_n10_r16_ts42__p08__gs44.png
dog_plush_n10_r16_ts42__base__p01__gs11,dog_plush_n10_r16_ts42,dog_plush,p01,11,base,,16,10,,,,False,DINO: generated image does not exist: /home/adminbum/Deepfinal/artifacts/dog_plush_n10_r16_ts42/generations/evaluation/base/dog_plush_n10_r16_ts42__p01__gs11.png; CLIP: generated image does not exist: /home/adminbum/Deepfinal/artifacts/dog_plush_n10_r16_ts42/generations/evaluation/base/dog_plush_n10_r16_ts42__p01__gs11.png
dog_plush_n10_r16_ts42__base__p01__gs22,dog_plush_n10_r16_ts42,dog_plush,p01,22,base,,16,10,,,,False,DINO: generated image does not exist: /home/adminbum/Deepfinal/artifacts/dog_plush_n10_r16_ts42/generations/evaluation/base/dog_plush_n10_r16_ts42__p01__gs22.png; CLIP: generated image does not exist: /home/adminbum/Deepfinal/artifacts/dog_plush_n10_r16_ts42/generations/evaluation/base/dog_plush_n10_r16_ts42__p01__gs22.png
dog_plush_n10_r16_ts42__base__p01__gs33,dog_plush_n10_r16_ts42,dog_plush,p01,33,base,,16,10,,,,False,DINO: generated image does not exist: /home/adminbum/Deepfinal/artifacts/dog_plush_n10_r16_ts42/generations/evaluation/base/dog_plush_n10_r16_ts42__p01__gs33.png; CLIP: generated image does not exist: /home/adminbum/Deepfinal/artifacts/dog_plush_n10_r16_ts42/generations/evaluation/base/dog_plush_n10_r16_ts42__p01__gs33.png
dog_plush_n10_r16_ts42__base__p01__gs44,dog_plush_n10_r16_ts42,dog_plush,p01,44,base,,16,10,,,,False,DINO: generated image does not exist: /home/adminbum/Deepfinal/artifacts/dog_plush_n10_r16_ts42/generations/evaluation/base/dog_plush_n10_r16_ts42__p01__gs44.png; CLIP: generated image does not exist: /home/adminbum/Deepfinal/artifacts/dog_plush_n10_r16_ts42/generations/evaluation/base/dog_plush_n10_r16_ts42__p01__gs44.png
dog_plush_n10_r16_ts42__base__p02__gs11,dog_plush_n10_r16_ts42,dog_plush,p02,11,base,,16,10,,,,False,DINO: generated image does not exist: /home/adminbum/Deepfinal/artifacts/dog_plush_n10_r16_ts42/generations/evaluation/base/dog_plush_n10_r16_ts42__p02__gs11.png; CLIP: generated image does not exist: /home/adminbum/Deepfinal/artifacts/dog_plush_n10_r16_ts42/generations/evaluation/base/dog_plush_n10_r16_ts42__p02__gs11.png
dog_plush_n10_r16_ts42__base__p02__gs22,dog_plush_n10_r16_ts42,dog_plush,p02,22,base,,16,10,,,,False,DINO: generated image does not exist: /home/adminbum/Deepfinal/artifacts/dog_plush_n10_r16_ts42/generations/evaluation/base/dog_plush_n10_r16_ts42__p02__gs22.png; CLIP: generated image does not exist: /home/adminbum/Deepfinal/artifacts/dog_plush_n10_r16_ts42/generations/evaluation/base/dog_plush_n10_r16_ts42__p02__gs22.png
dog_plush_n10_r16_ts42__base__p02__gs33,dog_plush_n10_r16_ts42,dog_plush,p02,33,base,,16,10,,,,False,DINO: generated image does not exist: /home/adminbum/Deepfinal/artifacts/dog_plush_n10_r16_ts42/generations/evaluation/base/dog_plush_n10_r16_ts42__p02__gs33.png; CLIP: generated image does not exist: /home/adminbum/Deepfinal/artifacts/dog_plush_n10_r16_ts42/generations/evaluation/base/dog_plush_n10_r16_ts42__p02__gs33.png
dog_plush_n10_r16_ts42__base__p02__gs44,dog_plush_n10_r16_ts42,dog_plush,p02,44,base,,16,10,,,,False,DINO: generated image does not exist: /home/adminbum/Deepfinal/artifacts/dog_plush_n10_r16_ts42/generations/evaluation/base/dog_plush_n10_r16_ts42__p02__gs44.png; CLIP: generated image does not exist: /home/adminbum/Deepfinal/artifacts/dog_plush_n10_r16_ts42/generations/evaluation/base/dog_plush_n10_r16_ts42__p02__gs44.png
dog_plush_n10_r16_ts42__base__p03__gs11,dog_plush_n10_r16_ts42,dog_plush,p03,11,base,,16,10,,,,False,DINO: generated image does not exist: /home/adminbum/Deepfinal/artifacts/dog_plush_n10_r16_ts42/generations/evaluation/base/dog_plush_n10_r16_ts42__p03__gs11.png; CLIP: generated image does not exist: /home/adminbum/Deepfinal/artifacts/dog_plush_n10_r16_ts42/generations/evaluation/base/dog_plush_n10_r16_ts42__p03__gs11.png
dog_plush_n10_r16_ts42__base__p03__gs22,dog_plush_n10_r16_ts42,dog_plush,p03,22,base,,16,10,,,,False,DINO: generated image does not exist: /home/adminbum/Deepfinal/artifacts/dog_plush_n10_r16_ts42/generations/evaluation/base/dog_plush_n10_r16_ts42__p03__gs22.png; CLIP: generated image does not exist: /home/adminbum/Deepfinal/artifacts/dog_plush_n10_r16_ts42/generations/evaluation/base/dog_plush_n10_r16_ts42__p03__gs22.png
dog_plush_n10_r16_ts42__base__p03__gs33,dog_plush_n10_r16_ts42,dog_plush,p03,33,base,,16,10,,,,False,DINO: generated image does not exist: /home/adminbum/Deepfinal/artifacts/dog_plush_n10_r16_ts42/generations/evaluation/base/dog_plush_n10_r16_ts42__p03__gs33.png; CLIP: generated image does not exist: /home/adminbum/Deepfinal/artifacts/dog_plush_n10_r16_ts42/generations/evaluation/base/dog_plush_n10_r16_ts42__p03__gs33.png
dog_plush_n10_r16_ts42__base__p03__gs44,dog_plush_n10_r16_ts42,dog_plush,p03,44,base,,16,10,,,,False,DINO: generated image does not exist: /home/adminbum/Deepfinal/artifacts/dog_plush_n10_r16_ts42/generations/evaluation/base/dog_plush_n10_r16_ts42__p03__gs44.png; CLIP: generated image does not exist: /home/adminbum/Deepfinal/artifacts/dog_plush_n10_r16_ts42/generations/evaluation/base/dog_plush_n10_r16_ts42__p03__gs44.png
dog_plush_n10_r16_ts42__base__p04__gs11,dog_plush_n10_r16_ts42,dog_plush,p04,11,base,,16,10,,,,False,DINO: generated image does not exist: /home/adminbum/Deepfinal/artifacts/dog_plush_n10_r16_ts42/generations/evaluation/base/dog_plush_n10_r16_ts42__p04__gs11.png; CLIP: generated image does not exist: /home/adminbum/Deepfinal/artifacts/dog_plush_n10_r16_ts42/generations/evaluation/base/dog_plush_n10_r16_ts42__p04__gs11.png
dog_plush_n10_r16_ts42__base__p04__gs22,dog_plush_n10_r16_ts42,dog_plush,p04,22,base,,16,10,,,,False,DINO: generated image does not exist: /home/adminbum/Deepfinal/artifacts/dog_plush_n10_r16_ts42/generations/evaluation/base/dog_plush_n10_r16_ts42__p04__gs22.png; CLIP: generated image does not exist: /home/adminbum/Deepfinal/artifacts/dog_plush_n10_r16_ts42/generations/evaluation/base/dog_plush_n10_r16_ts42__p04__gs22.png
dog_plush_n10_r16_ts42__base__p04__gs33,dog_plush_n10_r16_ts42,dog_plush,p04,33,base,,16,10,,,,False,DINO: generated image does not exist: /home/adminbum/Deepfinal/artifacts/dog_plush_n10_r16_ts42/generations/evaluation/base/dog_plush_n10_r16_ts42__p04__gs33.png; CLIP: generated image does not exist: /home/adminbum/Deepfinal/artifacts/dog_plush_n10_r16_ts42/generations/evaluation/base/dog_plush_n10_r16_ts42__p04__gs33.png
dog_plush_n10_r16_ts42__base__p04__gs44,dog_plush_n10_r16_ts42,dog_plush,p04,44,base,,16,10,,,,False,DINO: generated image does not exist: /home/adminbum/Deepfinal/artifacts/dog_plush_n10_r16_ts42/generations/evaluation/base/dog_plush_n10_r16_ts42__p04__gs44.png; CLIP: generated image does not exist: /home/adminbum/Deepfinal/artifacts/dog_plush_n10_r16_ts42/generations/evaluation/base/dog_plush_n10_r16_ts42__p04__gs44.png
dog_plush_n10_r16_ts42__base__p05__gs11,dog_plush_n10_r16_ts42,dog_plush,p05,11,base,,16,10,,,,False,DINO: generated image does not exist: /home/adminbum/Deepfinal/artifacts/dog_plush_n10_r16_ts42/generations/evaluation/base/dog_plush_n10_r16_ts42__p05__gs11.png; CLIP: generated image does not exist: /home/adminbum/Deepfinal/artifacts/dog_plush_n10_r16_ts42/generations/evaluation/base/dog_plush_n10_r16_ts42__p05__gs11.png
dog_plush_n10_r16_ts42__base__p05__gs22,dog_plush_n10_r16_ts42,dog_plush,p05,22,base,,16,10,,,,False,DINO: generated image does not exist: /home/adminbum/Deepfinal/artifacts/dog_plush_n10_r16_ts42/generations/evaluation/base/dog_plush_n10_r16_ts42__p05__gs22.png; CLIP: generated image does not exist: /home/adminbum/Deepfinal/artifacts/dog_plush_n10_r16_ts42/generations/evaluation/base/dog_plush_n10_r16_ts42__p05__gs22.png
dog_plush_n10_r16_ts42__base__p05__gs33,dog_plush_n10_r16_ts42,dog_plush,p05,33,base,,16,10,,,,False,DINO: generated image does not exist: /home/adminbum/Deepfinal/artifacts/dog_plush_n10_r16_ts42/generations/evaluation/base/dog_plush_n10_r16_ts42__p05__gs33.png; CLIP: generated image does not exist: /home/adminbum/Deepfinal/artifacts/dog_plush_n10_r16_ts42/generations/evaluation/base/dog_plush_n10_r16_ts42__p05__gs33.png
dog_plush_n10_r16_ts42__base__p05__gs44,dog_plush_n10_r16_ts42,dog_plush,p05,44,base,,16,10,,,,False,DINO: generated image does not exist: /home/adminbum/Deepfinal/artifacts/dog_plush_n10_r16_ts42/generations/evaluation/base/dog_plush_n10_r16_ts42__p05__gs44.png; CLIP: generated image does not exist: /home/adminbum/Deepfinal/artifacts/dog_plush_n10_r16_ts42/generations/evaluation/base/dog_plush_n10_r16_ts42__p05__gs44.png
dog_plush_n10_r16_ts42__base__p06__gs11,dog_plush_n10_r16_ts42,dog_plush,p06,11,base,,16,10,,,,False,DINO: generated image does not exist: /home/adminbum/Deepfinal/artifacts/dog_plush_n10_r16_ts42/generations/evaluation/base/dog_plush_n10_r16_ts42__p06__gs11.png; CLIP: generated image does not exist: /home/adminbum/Deepfinal/artifacts/dog_plush_n10_r16_ts42/generations/evaluation/base/dog_plush_n10_r16_ts42__p06__gs11.png
dog_plush_n10_r16_ts42__base__p06__gs22,dog_plush_n10_r16_ts42,dog_plush,p06,22,base,,16,10,,,,False,DINO: generated image does not exist: /home/adminbum/Deepfinal/artifacts/dog_plush_n10_r16_ts42/generations/evaluation/base/dog_plush_n10_r16_ts42__p06__gs22.png; CLIP: generated image does not exist: /home/adminbum/Deepfinal/artifacts/dog_plush_n10_r16_ts42/generations/evaluation/base/dog_plush_n10_r16_ts42__p06__gs22.png
dog_plush_n10_r16_ts42__base__p06__gs33,dog_plush_n10_r16_ts42,dog_plush,p06,33,base,,16,10,,,,False,DINO: generated image does not exist: /home/adminbum/Deepfinal/artifacts/dog_plush_n10_r16_ts42/generations/evaluation/base/dog_plush_n10_r16_ts42__p06__gs33.png; CLIP: generated image does not exist: /home/adminbum/Deepfinal/artifacts/dog_plush_n10_r16_ts42/generations/evaluation/base/dog_plush_n10_r16_ts42__p06__gs33.png
dog_plush_n10_r16_ts42__base__p06__gs44,dog_plush_n10_r16_ts42,dog_plush,p06,44,base,,16,10,,,,False,DINO: generated image does not exist: /home/adminbum/Deepfinal/artifacts/dog_plush_n10_r16_ts42/generations/evaluation/base/dog_plush_n10_r16_ts42__p06__gs44.png; CLIP: generated image does not exist: /home/adminbum/Deepfinal/artifacts/dog_plush_n10_r16_ts42/generations/evaluation/base/dog_plush_n10_r16_ts42__p06__gs44.png
dog_plush_n10_r16_ts42__base__p07__gs11,dog_plush_n10_r16_ts42,dog_plush,p07,11,base,,16,10,,,,False,DINO: generated image does not exist: /home/adminbum/Deepfinal/artifacts/dog_plush_n10_r16_ts42/generations/evaluation/base/dog_plush_n10_r16_ts42__p07__gs11.png; CLIP: generated image does not exist: /home/adminbum/Deepfinal/artifacts/dog_plush_n10_r16_ts42/generations/evaluation/base/dog_plush_n10_r16_ts42__p07__gs11.png
dog_plush_n10_r16_ts42__base__p07__gs22,dog_plush_n10_r16_ts42,dog_plush,p07,22,base,,16,10,,,,False,DINO: generated image does not exist: /home/adminbum/Deepfinal/artifacts/dog_plush_n10_r16_ts42/generations/evaluation/base/dog_plush_n10_r16_ts42__p07__gs22.png; CLIP: generated image does not exist: /home/adminbum/Deepfinal/artifacts/dog_plush_n10_r16_ts42/generations/evaluation/base/dog_plush_n10_r16_ts42__p07__gs22.png
dog_plush_n10_r16_ts42__base__p07__gs33,dog_plush_n10_r16_ts42,dog_plush,p07,33,base,,16,10,,,,False,DINO: generated image does not exist: /home/adminbum/Deepfinal/artifacts/dog_plush_n10_r16_ts42/generations/evaluation/base/dog_plush_n10_r16_ts42__p07__gs33.png; CLIP: generated image does not exist: /home/adminbum/Deepfinal/artifacts/dog_plush_n10_r16_ts42/generations/evaluation/base/dog_plush_n10_r16_ts42__p07__gs33.png
dog_plush_n10_r16_ts42__base__p07__gs44,dog_plush_n10_r16_ts42,dog_plush,p07,44,base,,16,10,,,,False,DINO: generated image does not exist: /home/adminbum/Deepfinal/artifacts/dog_plush_n10_r16_ts42/generations/evaluation/base/dog_plush_n10_r16_ts42__p07__gs44.png; CLIP: generated image does not exist: /home/adminbum/Deepfinal/artifacts/dog_plush_n10_r16_ts42/generations/evaluation/base/dog_plush_n10_r16_ts42__p07__gs44.png
dog_plush_n10_r16_ts42__base__p08__gs11,dog_plush_n10_r16_ts42,dog_plush,p08,11,base,,16,10,,,,False,DINO: generated image does not exist: /home/adminbum/Deepfinal/artifacts/dog_plush_n10_r16_ts42/generations/evaluation/base/dog_plush_n10_r16_ts42__p08__gs11.png; CLIP: generated image does not exist: /home/adminbum/Deepfinal/artifacts/dog_plush_n10_r16_ts42/generations/evaluation/base/dog_plush_n10_r16_ts42__p08__gs11.png
dog_plush_n10_r16_ts42__base__p08__gs22,dog_plush_n10_r16_ts42,dog_plush,p08,22,base,,16,10,,,,False,DINO: generated image does not exist: /home/adminbum/Deepfinal/artifacts/dog_plush_n10_r16_ts42/generations/evaluation/base/dog_plush_n10_r16_ts42__p08__gs22.png; CLIP: generated image does not exist: /home/adminbum/Deepfinal/artifacts/dog_plush_n10_r16_ts42/generations/evaluation/base/dog_plush_n10_r16_ts42__p08__gs22.png
dog_plush_n10_r16_ts42__base__p08__gs33,dog_plush_n10_r16_ts42,dog_plush,p08,33,base,,16,10,,,,False,DINO: generated image does not exist: /home/adminbum/Deepfinal/artifacts/dog_plush_n10_r16_ts42/generations/evaluation/base/dog_plush_n10_r16_ts42__p08__gs33.png; CLIP: generated image does not exist: /home/adminbum/Deepfinal/artifacts/dog_plush_n10_r16_ts42/generations/evaluation/base/dog_plush_n10_r16_ts42__p08__gs33.png
dog_plush_n10_r16_ts42__base__p08__gs44,dog_plush_n10_r16_ts42,dog_plush,p08,44,base,,16,10,,,,False,DINO: generated image does not exist: /home/adminbum/Deepfinal/artifacts/dog_plush_n10_r16_ts42/generations/evaluation/base/dog_plush_n10_r16_ts42__p08__gs44.png; CLIP: generated image does not exist: /home/adminbum/Deepfinal/artifacts/dog_plush_n10_r16_ts42/generations/evaluation/base/dog_plush_n10_r16_ts42__p08__gs44.png
dog_plush_n1_r16_ts42__adapter__p01__gs11,dog_plush_n1_r16_ts42,dog_plush,p01,11,adapter,,16,1,0.03285021707415581,0.22834084928035736,,True,
dog_plush_n1_r16_ts42__adapter__p01__gs22,dog_plush_n1_r16_ts42,dog_plush,p01,22,adapter,,16,1,0.03285021707415581,0.22834084928035736,,True,
dog_plush_n1_r16_ts42__adapter__p01__gs33,dog_plush_n1_r16_ts42,dog_plush,p01,33,adapter,,16,1,0.03285021707415581,0.22834084928035736,,True,
dog_plush_n1_r16_ts42__adapter__p01__gs44,dog_plush_n1_r16_ts42,dog_plush,p01,44,adapter,,16,1,0.31909069418907166,0.2752102017402649,,True,
dog_plush_n1_r16_ts42__adapter__p02__gs11,dog_plush_n1_r16_ts42,dog_plush,p02,11,adapter,,16,1,0.5687775015830994,0.28824612498283386,,True,
dog_plush_n1_r16_ts42__adapter__p02__gs22,dog_plush_n1_r16_ts42,dog_plush,p02,22,adapter,,16,1,0.03285021707415581,0.2185465693473816,,True,
dog_plush_n1_r16_ts42__adapter__p02__gs33,dog_plush_n1_r16_ts42,dog_plush,p02,33,adapter,,16,1,0.5160802602767944,0.2737307548522949,,True,
dog_plush_n1_r16_ts42__adapter__p02__gs44,dog_plush_n1_r16_ts42,dog_plush,p02,44,adapter,,16,1,0.3826793432235718,0.2839696407318115,,True,
dog_plush_n1_r16_ts42__adapter__p03__gs11,dog_plush_n1_r16_ts42,dog_plush,p03,11,adapter,,16,1,0.03285021707415581,0.22275900840759277,,True,
dog_plush_n1_r16_ts42__adapter__p03__gs22,dog_plush_n1_r16_ts42,dog_plush,p03,22,adapter,,16,1,0.4497756063938141,0.27207592129707336,,True,
dog_plush_n1_r16_ts42__adapter__p03__gs33,dog_plush_n1_r16_ts42,dog_plush,p03,33,adapter,,16,1,0.03285021707415581,0.22275900840759277,,True,
dog_plush_n1_r16_ts42__adapter__p03__gs44,dog_plush_n1_r16_ts42,dog_plush,p03,44,adapter,,16,1,0.03285021707415581,0.22275900840759277,,True,
dog_plush_n1_r16_ts42__adapter__p04__gs11,dog_plush_n1_r16_ts42,dog_plush,p04,11,adapter,,16,1,0.03285021707415581,0.21699608862400055,,True,
dog_plush_n1_r16_ts42__adapter__p04__gs22,dog_plush_n1_r16_ts42,dog_plush,p04,22,adapter,,16,1,0.36110228300094604,0.25073641538619995,,True,
dog_plush_n1_r16_ts42__adapter__p04__gs33,dog_plush_n1_r16_ts42,dog_plush,p04,33,adapter,,16,1,0.03285021707415581,0.21699608862400055,,True,
dog_plush_n1_r16_ts42__adapter__p04__gs44,dog_plush_n1_r16_ts42,dog_plush,p04,44,adapter,,16,1,0.03285021707415581,0.21699608862400055,,True,
dog_plush_n1_r16_ts42__adapter__p05__gs11,dog_plush_n1_r16_ts42,dog_plush,p05,11,adapter,,16,1,0.3224170207977295,0.2686556279659271,,True,
dog_plush_n1_r16_ts42__adapter__p05__gs22,dog_plush_n1_r16_ts42,dog_plush,p05,22,adapter,,16,1,0.03285021707415581,0.24340662360191345,,True,
dog_plush_n1_r16_ts42__adapter__p05__gs33,dog_plush_n1_r16_ts42,dog_plush,p05,33,adapter,,16,1,0.03285021707415581,0.24340662360191345,,True,
dog_plush_n1_r16_ts42__adapter__p05__gs44,dog_plush_n1_r16_ts42,dog_plush,p05,44,adapter,,16,1,0.3556889593601227,0.2617517113685608,,True,
dog_plush_n1_r16_ts42__adapter__p06__gs11,dog_plush_n1_r16_ts42,dog_plush,p06,11,adapter,,16,1,0.3674202263355255,0.2928282618522644,,True,
dog_plush_n1_r16_ts42__adapter__p06__gs22,dog_plush_n1_r16_ts42,dog_plush,p06,22,adapter,,16,1,0.03285021707415581,0.22378939390182495,,True,
dog_plush_n1_r16_ts42__adapter__p06__gs33,dog_plush_n1_r16_ts42,dog_plush,p06,33,adapter,,16,1,0.4157966673374176,0.27189183235168457,,True,
dog_plush_n1_r16_ts42__adapter__p06__gs44,dog_plush_n1_r16_ts42,dog_plush,p06,44,adapter,,16,1,0.4064217805862427,0.27596837282180786,,True,
dog_plush_n1_r16_ts42__adapter__p07__gs11,dog_plush_n1_r16_ts42,dog_plush,p07,11,adapter,,16,1,0.03285021707415581,0.1941785216331482,,True,
dog_plush_n1_r16_ts42__adapter__p07__gs22,dog_plush_n1_r16_ts42,dog_plush,p07,22,adapter,,16,1,0.03285021707415581,0.1941785216331482,,True,
dog_plush_n1_r16_ts42__adapter__p07__gs33,dog_plush_n1_r16_ts42,dog_plush,p07,33,adapter,,16,1,0.4333428740501404,0.2878880500793457,,True,
dog_plush_n1_r16_ts42__adapter__p07__gs44,dog_plush_n1_r16_ts42,dog_plush,p07,44,adapter,,16,1,0.5030190944671631,0.29508399963378906,,True,
dog_plush_n1_r16_ts42__adapter__p08__gs11,dog_plush_n1_r16_ts42,dog_plush,p08,11,adapter,,16,1,0.3472696542739868,0.2784920930862427,,True,
dog_plush_n1_r16_ts42__adapter__p08__gs22,dog_plush_n1_r16_ts42,dog_plush,p08,22,adapter,,16,1,0.03285021707415581,0.1798241138458252,,True,
dog_plush_n1_r16_ts42__adapter__p08__gs33,dog_plush_n1_r16_ts42,dog_plush,p08,33,adapter,,16,1,0.03285021707415581,0.1798241138458252,,True,
dog_plush_n1_r16_ts42__adapter__p08__gs44,dog_plush_n1_r16_ts42,dog_plush,p08,44,adapter,,16,1,0.03285021707415581,0.1798241138458252,,True,
dog_plush_n1_r16_ts42__base__p01__gs11,dog_plush_n1_r16_ts42,dog_plush,p01,11,base,,16,1,0.5247657299041748,0.30143672227859497,,True,
dog_plush_n1_r16_ts42__base__p01__gs22,dog_plush_n1_r16_ts42,dog_plush,p01,22,base,,16,1,0.6157854795455933,0.309146910905838,,True,
dog_plush_n1_r16_ts42__base__p01__gs33,dog_plush_n1_r16_ts42,dog_plush,p01,33,base,,16,1,0.6565473079681396,0.3117176592350006,,True,
dog_plush_n1_r16_ts42__base__p01__gs44,dog_plush_n1_r16_ts42,dog_plush,p01,44,base,,16,1,0.6852952837944031,0.3015364110469818,,True,
dog_plush_n1_r16_ts42__base__p02__gs11,dog_plush_n1_r16_ts42,dog_plush,p02,11,base,,16,1,0.5845444798469543,0.3068627715110779,,True,
dog_plush_n1_r16_ts42__base__p02__gs22,dog_plush_n1_r16_ts42,dog_plush,p02,22,base,,16,1,0.6104557514190674,0.2991622984409332,,True,
dog_plush_n1_r16_ts42__base__p02__gs33,dog_plush_n1_r16_ts42,dog_plush,p02,33,base,,16,1,0.64018315076828,0.30354392528533936,,True,
dog_plush_n1_r16_ts42__base__p02__gs44,dog_plush_n1_r16_ts42,dog_plush,p02,44,base,,16,1,0.704841136932373,0.31048429012298584,,True,
dog_plush_n1_r16_ts42__base__p03__gs11,dog_plush_n1_r16_ts42,dog_plush,p03,11,base,,16,1,0.5700266361236572,0.3310241103172302,,True,
dog_plush_n1_r16_ts42__base__p03__gs22,dog_plush_n1_r16_ts42,dog_plush,p03,22,base,,16,1,0.4986999034881592,0.3466685116291046,,True,
dog_plush_n1_r16_ts42__base__p03__gs33,dog_plush_n1_r16_ts42,dog_plush,p03,33,base,,16,1,0.5767961144447327,0.34237754344940186,,True,
dog_plush_n1_r16_ts42__base__p03__gs44,dog_plush_n1_r16_ts42,dog_plush,p03,44,base,,16,1,0.6101011037826538,0.34485507011413574,,True,
dog_plush_n1_r16_ts42__base__p04__gs11,dog_plush_n1_r16_ts42,dog_plush,p04,11,base,,16,1,0.5058535933494568,0.3322356939315796,,True,
dog_plush_n1_r16_ts42__base__p04__gs22,dog_plush_n1_r16_ts42,dog_plush,p04,22,base,,16,1,0.5019550323486328,0.32176724076271057,,True,
dog_plush_n1_r16_ts42__base__p04__gs33,dog_plush_n1_r16_ts42,dog_plush,p04,33,base,,16,1,0.6318584680557251,0.33230727910995483,,True,
dog_plush_n1_r16_ts42__base__p04__gs44,dog_plush_n1_r16_ts42,dog_plush,p04,44,base,,16,1,0.6202192902565002,0.29178646206855774,,True,
dog_plush_n1_r16_ts42__base__p05__gs11,dog_plush_n1_r16_ts42,dog_plush,p05,11,base,,16,1,0.6013168692588806,0.29723671078681946,,True,
dog_plush_n1_r16_ts42__base__p05__gs22,dog_plush_n1_r16_ts42,dog_plush,p05,22,base,,16,1,0.48792460560798645,0.30713576078414917,,True,
dog_plush_n1_r16_ts42__base__p05__gs33,dog_plush_n1_r16_ts42,dog_plush,p05,33,base,,16,1,0.5802440643310547,0.3318767249584198,,True,
dog_plush_n1_r16_ts42__base__p05__gs44,dog_plush_n1_r16_ts42,dog_plush,p05,44,base,,16,1,0.5899143218994141,0.3185540735721588,,True,
dog_plush_n1_r16_ts42__base__p06__gs11,dog_plush_n1_r16_ts42,dog_plush,p06,11,base,,16,1,0.6502273082733154,0.31744030117988586,,True,
dog_plush_n1_r16_ts42__base__p06__gs22,dog_plush_n1_r16_ts42,dog_plush,p06,22,base,,16,1,0.5963094234466553,0.3297384977340698,,True,
dog_plush_n1_r16_ts42__base__p06__gs33,dog_plush_n1_r16_ts42,dog_plush,p06,33,base,,16,1,0.6149721741676331,0.3218950927257538,,True,
dog_plush_n1_r16_ts42__base__p06__gs44,dog_plush_n1_r16_ts42,dog_plush,p06,44,base,,16,1,0.6773413419723511,0.31273871660232544,,True,
dog_plush_n1_r16_ts42__base__p07__gs11,dog_plush_n1_r16_ts42,dog_plush,p07,11,base,,16,1,0.555237889289856,0.32295748591423035,,True,
dog_plush_n1_r16_ts42__base__p07__gs22,dog_plush_n1_r16_ts42,dog_plush,p07,22,base,,16,1,0.4350912570953369,0.3119986355304718,,True,
dog_plush_n1_r16_ts42__base__p07__gs33,dog_plush_n1_r16_ts42,dog_plush,p07,33,base,,16,1,0.5598684549331665,0.31365862488746643,,True,
dog_plush_n1_r16_ts42__base__p07__gs44,dog_plush_n1_r16_ts42,dog_plush,p07,44,base,,16,1,0.5232027173042297,0.35279756784439087,,True,
dog_plush_n1_r16_ts42__base__p08__gs11,dog_plush_n1_r16_ts42,dog_plush,p08,11,base,,16,1,0.013958126306533813,0.30501747131347656,,True,
dog_plush_n1_r16_ts42__base__p08__gs22,dog_plush_n1_r16_ts42,dog_plush,p08,22,base,,16,1,0.4035794734954834,0.3472887873649597,,True,
dog_plush_n1_r16_ts42__base__p08__gs33,dog_plush_n1_r16_ts42,dog_plush,p08,33,base,,16,1,0.3391130864620209,0.35864102840423584,,True,
dog_plush_n1_r16_ts42__base__p08__gs44,dog_plush_n1_r16_ts42,dog_plush,p08,44,base,,16,1,0.2087920904159546,0.3523852229118347,,True,
dog_plush_n3_r16_ts42__adapter__p01__gs11,dog_plush_n3_r16_ts42,dog_plush,p01,11,adapter,,16,3,0.6980714201927185,0.30997082591056824,,True,
dog_plush_n3_r16_ts42__adapter__p01__gs22,dog_plush_n3_r16_ts42,dog_plush,p01,22,adapter,,16,3,0.7190877199172974,0.3020634055137634,,True,
dog_plush_n3_r16_ts42__adapter__p01__gs33,dog_plush_n3_r16_ts42,dog_plush,p01,33,adapter,,16,3,0.7757660746574402,0.31078290939331055,,True,
dog_plush_n3_r16_ts42__adapter__p01__gs44,dog_plush_n3_r16_ts42,dog_plush,p01,44,adapter,,16,3,0.7458490133285522,0.29824596643447876,,True,
dog_plush_n3_r16_ts42__adapter__p02__gs11,dog_plush_n3_r16_ts42,dog_plush,p02,11,adapter,,16,3,0.7417609691619873,0.31108784675598145,,True,
dog_plush_n3_r16_ts42__adapter__p02__gs22,dog_plush_n3_r16_ts42,dog_plush,p02,22,adapter,,16,3,0.03285021707415581,0.2185465693473816,,True,
dog_plush_n3_r16_ts42__adapter__p02__gs33,dog_plush_n3_r16_ts42,dog_plush,p02,33,adapter,,16,3,0.7830093502998352,0.3057514727115631,,True,
dog_plush_n3_r16_ts42__adapter__p02__gs44,dog_plush_n3_r16_ts42,dog_plush,p02,44,adapter,,16,3,0.781814455986023,0.310504287481308,,True,
dog_plush_n3_r16_ts42__adapter__p03__gs11,dog_plush_n3_r16_ts42,dog_plush,p03,11,adapter,,16,3,0.684812068939209,0.3408656120300293,,True,
dog_plush_n3_r16_ts42__adapter__p03__gs22,dog_plush_n3_r16_ts42,dog_plush,p03,22,adapter,,16,3,0.6934282183647156,0.2831183671951294,,True,
dog_plush_n3_r16_ts42__adapter__p03__gs33,dog_plush_n3_r16_ts42,dog_plush,p03,33,adapter,,16,3,0.7287566065788269,0.2981039881706238,,True,
dog_plush_n3_r16_ts42__adapter__p03__gs44,dog_plush_n3_r16_ts42,dog_plush,p03,44,adapter,,16,3,0.7052645683288574,0.30541497468948364,,True,
dog_plush_n3_r16_ts42__adapter__p04__gs11,dog_plush_n3_r16_ts42,dog_plush,p04,11,adapter,,16,3,0.6471762657165527,0.30566489696502686,,True,
dog_plush_n3_r16_ts42__adapter__p04__gs22,dog_plush_n3_r16_ts42,dog_plush,p04,22,adapter,,16,3,0.03285021707415581,0.21699608862400055,,True,
dog_plush_n3_r16_ts42__adapter__p04__gs33,dog_plush_n3_r16_ts42,dog_plush,p04,33,adapter,,16,3,0.7234934568405151,0.29437920451164246,,True,
dog_plush_n3_r16_ts42__adapter__p04__gs44,dog_plush_n3_r16_ts42,dog_plush,p04,44,adapter,,16,3,0.03285021707415581,0.21699608862400055,,True,
dog_plush_n3_r16_ts42__adapter__p05__gs11,dog_plush_n3_r16_ts42,dog_plush,p05,11,adapter,,16,3,0.7291693687438965,0.3088475465774536,,True,
dog_plush_n3_r16_ts42__adapter__p05__gs22,dog_plush_n3_r16_ts42,dog_plush,p05,22,adapter,,16,3,0.7380839586257935,0.33036288619041443,,True,
dog_plush_n3_r16_ts42__adapter__p05__gs33,dog_plush_n3_r16_ts42,dog_plush,p05,33,adapter,,16,3,0.7266891002655029,0.2942541241645813,,True,
dog_plush_n3_r16_ts42__adapter__p05__gs44,dog_plush_n3_r16_ts42,dog_plush,p05,44,adapter,,16,3,0.7914868593215942,0.3222513496875763,,True,
dog_plush_n3_r16_ts42__adapter__p06__gs11,dog_plush_n3_r16_ts42,dog_plush,p06,11,adapter,,16,3,0.6902238130569458,0.33777695894241333,,True,
dog_plush_n3_r16_ts42__adapter__p06__gs22,dog_plush_n3_r16_ts42,dog_plush,p06,22,adapter,,16,3,0.4495666027069092,0.3163829445838928,,True,
dog_plush_n3_r16_ts42__adapter__p06__gs33,dog_plush_n3_r16_ts42,dog_plush,p06,33,adapter,,16,3,0.6566181778907776,0.36083316802978516,,True,
dog_plush_n3_r16_ts42__adapter__p06__gs44,dog_plush_n3_r16_ts42,dog_plush,p06,44,adapter,,16,3,0.687300443649292,0.3481140732765198,,True,
dog_plush_n3_r16_ts42__adapter__p07__gs11,dog_plush_n3_r16_ts42,dog_plush,p07,11,adapter,,16,3,0.7661135196685791,0.27829432487487793,,True,
dog_plush_n3_r16_ts42__adapter__p07__gs22,dog_plush_n3_r16_ts42,dog_plush,p07,22,adapter,,16,3,0.6519832611083984,0.300559401512146,,True,
dog_plush_n3_r16_ts42__adapter__p07__gs33,dog_plush_n3_r16_ts42,dog_plush,p07,33,adapter,,16,3,0.7585346698760986,0.2992576062679291,,True,
dog_plush_n3_r16_ts42__adapter__p07__gs44,dog_plush_n3_r16_ts42,dog_plush,p07,44,adapter,,16,3,0.7459142208099365,0.29388147592544556,,True,
dog_plush_n3_r16_ts42__adapter__p08__gs11,dog_plush_n3_r16_ts42,dog_plush,p08,11,adapter,,16,3,0.24206945300102234,0.3395536243915558,,True,
dog_plush_n3_r16_ts42__adapter__p08__gs22,dog_plush_n3_r16_ts42,dog_plush,p08,22,adapter,,16,3,0.6175734996795654,0.36032813787460327,,True,
dog_plush_n3_r16_ts42__adapter__p08__gs33,dog_plush_n3_r16_ts42,dog_plush,p08,33,adapter,,16,3,0.4495983421802521,0.3836764097213745,,True,
dog_plush_n3_r16_ts42__adapter__p08__gs44,dog_plush_n3_r16_ts42,dog_plush,p08,44,adapter,,16,3,0.1565137505531311,0.3724500834941864,,True,
dog_plush_n3_r16_ts42__base__p01__gs11,dog_plush_n3_r16_ts42,dog_plush,p01,11,base,,16,3,0.5247657299041748,0.30143672227859497,,True,
dog_plush_n3_r16_ts42__base__p01__gs22,dog_plush_n3_r16_ts42,dog_plush,p01,22,base,,16,3,0.6157854795455933,0.309146910905838,,True,
dog_plush_n3_r16_ts42__base__p01__gs33,dog_plush_n3_r16_ts42,dog_plush,p01,33,base,,16,3,0.6565473079681396,0.3117176592350006,,True,
dog_plush_n3_r16_ts42__base__p01__gs44,dog_plush_n3_r16_ts42,dog_plush,p01,44,base,,16,3,0.6852952837944031,0.3015364110469818,,True,
dog_plush_n3_r16_ts42__base__p02__gs11,dog_plush_n3_r16_ts42,dog_plush,p02,11,base,,16,3,0.5845444798469543,0.3068627715110779,,True,
dog_plush_n3_r16_ts42__base__p02__gs22,dog_plush_n3_r16_ts42,dog_plush,p02,22,base,,16,3,0.6104557514190674,0.2991622984409332,,True,
dog_plush_n3_r16_ts42__base__p02__gs33,dog_plush_n3_r16_ts42,dog_plush,p02,33,base,,16,3,0.64018315076828,0.30354392528533936,,True,
dog_plush_n3_r16_ts42__base__p02__gs44,dog_plush_n3_r16_ts42,dog_plush,p02,44,base,,16,3,0.704841136932373,0.31048429012298584,,True,
dog_plush_n3_r16_ts42__base__p03__gs11,dog_plush_n3_r16_ts42,dog_plush,p03,11,base,,16,3,0.5700266361236572,0.3310241103172302,,True,
dog_plush_n3_r16_ts42__base__p03__gs22,dog_plush_n3_r16_ts42,dog_plush,p03,22,base,,16,3,0.4986999034881592,0.3466685116291046,,True,
dog_plush_n3_r16_ts42__base__p03__gs33,dog_plush_n3_r16_ts42,dog_plush,p03,33,base,,16,3,0.5767961144447327,0.34237754344940186,,True,
dog_plush_n3_r16_ts42__base__p03__gs44,dog_plush_n3_r16_ts42,dog_plush,p03,44,base,,16,3,0.6101011037826538,0.34485507011413574,,True,
dog_plush_n3_r16_ts42__base__p04__gs11,dog_plush_n3_r16_ts42,dog_plush,p04,11,base,,16,3,0.5058535933494568,0.3322356939315796,,True,
dog_plush_n3_r16_ts42__base__p04__gs22,dog_plush_n3_r16_ts42,dog_plush,p04,22,base,,16,3,0.5019550323486328,0.32176724076271057,,True,
dog_plush_n3_r16_ts42__base__p04__gs33,dog_plush_n3_r16_ts42,dog_plush,p04,33,base,,16,3,0.6318584680557251,0.33230727910995483,,True,
dog_plush_n3_r16_ts42__base__p04__gs44,dog_plush_n3_r16_ts42,dog_plush,p04,44,base,,16,3,0.6202192902565002,0.29178646206855774,,True,
dog_plush_n3_r16_ts42__base__p05__gs11,dog_plush_n3_r16_ts42,dog_plush,p05,11,base,,16,3,0.6013168692588806,0.29723671078681946,,True,
dog_plush_n3_r16_ts42__base__p05__gs22,dog_plush_n3_r16_ts42,dog_plush,p05,22,base,,16,3,0.48792460560798645,0.30713576078414917,,True,
dog_plush_n3_r16_ts42__base__p05__gs33,dog_plush_n3_r16_ts42,dog_plush,p05,33,base,,16,3,0.5802440643310547,0.3318767249584198,,True,
dog_plush_n3_r16_ts42__base__p05__gs44,dog_plush_n3_r16_ts42,dog_plush,p05,44,base,,16,3,0.5899143218994141,0.3185540735721588,,True,
dog_plush_n3_r16_ts42__base__p06__gs11,dog_plush_n3_r16_ts42,dog_plush,p06,11,base,,16,3,0.6502273082733154,0.31744030117988586,,True,
dog_plush_n3_r16_ts42__base__p06__gs22,dog_plush_n3_r16_ts42,dog_plush,p06,22,base,,16,3,0.5963094234466553,0.3297384977340698,,True,
dog_plush_n3_r16_ts42__base__p06__gs33,dog_plush_n3_r16_ts42,dog_plush,p06,33,base,,16,3,0.6149721741676331,0.3218950927257538,,True,
dog_plush_n3_r16_ts42__base__p06__gs44,dog_plush_n3_r16_ts42,dog_plush,p06,44,base,,16,3,0.6773413419723511,0.31273871660232544,,True,
dog_plush_n3_r16_ts42__base__p07__gs11,dog_plush_n3_r16_ts42,dog_plush,p07,11,base,,16,3,0.555237889289856,0.32295748591423035,,True,
dog_plush_n3_r16_ts42__base__p07__gs22,dog_plush_n3_r16_ts42,dog_plush,p07,22,base,,16,3,0.4350912570953369,0.3119986355304718,,True,
dog_plush_n3_r16_ts42__base__p07__gs33,dog_plush_n3_r16_ts42,dog_plush,p07,33,base,,16,3,0.5598684549331665,0.31365862488746643,,True,
dog_plush_n3_r16_ts42__base__p07__gs44,dog_plush_n3_r16_ts42,dog_plush,p07,44,base,,16,3,0.5232027173042297,0.35279756784439087,,True,
dog_plush_n3_r16_ts42__base__p08__gs11,dog_plush_n3_r16_ts42,dog_plush,p08,11,base,,16,3,0.013958126306533813,0.30501747131347656,,True,
dog_plush_n3_r16_ts42__base__p08__gs22,dog_plush_n3_r16_ts42,dog_plush,p08,22,base,,16,3,0.4035794734954834,0.3472887873649597,,True,
dog_plush_n3_r16_ts42__base__p08__gs33,dog_plush_n3_r16_ts42,dog_plush,p08,33,base,,16,3,0.3391130864620209,0.35864102840423584,,True,
dog_plush_n3_r16_ts42__base__p08__gs44,dog_plush_n3_r16_ts42,dog_plush,p08,44,base,,16,3,0.2087920904159546,0.3523852229118347,,True,
dog_plush_n5_r16_ts42__adapter__p01__gs11,dog_plush_n5_r16_ts42,dog_plush,p01,11,adapter,,16,5,0.7410928606987,0.30265873670578003,,True,
dog_plush_n5_r16_ts42__adapter__p01__gs22,dog_plush_n5_r16_ts42,dog_plush,p01,22,adapter,,16,5,0.03285021707415581,0.22834084928035736,,True,
dog_plush_n5_r16_ts42__adapter__p01__gs33,dog_plush_n5_r16_ts42,dog_plush,p01,33,adapter,,16,5,0.7445493936538696,0.3090943992137909,,True,
dog_plush_n5_r16_ts42__adapter__p01__gs44,dog_plush_n5_r16_ts42,dog_plush,p01,44,adapter,,16,5,0.03285021707415581,0.22834084928035736,,True,
dog_plush_n5_r16_ts42__adapter__p02__gs11,dog_plush_n5_r16_ts42,dog_plush,p02,11,adapter,,16,5,0.7706436514854431,0.30921435356140137,,True,
dog_plush_n5_r16_ts42__adapter__p02__gs22,dog_plush_n5_r16_ts42,dog_plush,p02,22,adapter,,16,5,0.03285021707415581,0.2185465693473816,,True,
dog_plush_n5_r16_ts42__adapter__p02__gs33,dog_plush_n5_r16_ts42,dog_plush,p02,33,adapter,,16,5,0.742207944393158,0.31182774901390076,,True,
dog_plush_n5_r16_ts42__adapter__p02__gs44,dog_plush_n5_r16_ts42,dog_plush,p02,44,adapter,,16,5,0.03285021707415581,0.2185465693473816,,True,
dog_plush_n5_r16_ts42__adapter__p03__gs11,dog_plush_n5_r16_ts42,dog_plush,p03,11,adapter,,16,5,0.6643602252006531,0.3313966691493988,,True,
dog_plush_n5_r16_ts42__adapter__p03__gs22,dog_plush_n5_r16_ts42,dog_plush,p03,22,adapter,,16,5,0.7446176409721375,0.33540818095207214,,True,
dog_plush_n5_r16_ts42__adapter__p03__gs33,dog_plush_n5_r16_ts42,dog_plush,p03,33,adapter,,16,5,0.7535869479179382,0.33095332980155945,,True,
dog_plush_n5_r16_ts42__adapter__p03__gs44,dog_plush_n5_r16_ts42,dog_plush,p03,44,adapter,,16,5,0.6848111152648926,0.3119160532951355,,True,
dog_plush_n5_r16_ts42__adapter__p04__gs11,dog_plush_n5_r16_ts42,dog_plush,p04,11,adapter,,16,5,0.7687519788742065,0.3101225197315216,,True,
dog_plush_n5_r16_ts42__adapter__p04__gs22,dog_plush_n5_r16_ts42,dog_plush,p04,22,adapter,,16,5,0.6719467043876648,0.2950877547264099,,True,
dog_plush_n5_r16_ts42__adapter__p04__gs33,dog_plush_n5_r16_ts42,dog_plush,p04,33,adapter,,16,5,0.7100356817245483,0.2925836443901062,,True,
dog_plush_n5_r16_ts42__adapter__p04__gs44,dog_plush_n5_r16_ts42,dog_plush,p04,44,adapter,,16,5,0.03285021707415581,0.21699608862400055,,True,
dog_plush_n5_r16_ts42__adapter__p05__gs11,dog_plush_n5_r16_ts42,dog_plush,p05,11,adapter,,16,5,0.6906647682189941,0.27584290504455566,,True,
dog_plush_n5_r16_ts42__adapter__p05__gs22,dog_plush_n5_r16_ts42,dog_plush,p05,22,adapter,,16,5,0.03285021707415581,0.24340662360191345,,True,
dog_plush_n5_r16_ts42__adapter__p05__gs33,dog_plush_n5_r16_ts42,dog_plush,p05,33,adapter,,16,5,0.7517668604850769,0.32331588864326477,,True,
dog_plush_n5_r16_ts42__adapter__p05__gs44,dog_plush_n5_r16_ts42,dog_plush,p05,44,adapter,,16,5,0.6790179014205933,0.31807178258895874,,True,
dog_plush_n5_r16_ts42__adapter__p06__gs11,dog_plush_n5_r16_ts42,dog_plush,p06,11,adapter,,16,5,0.03285021707415581,0.22378939390182495,,True,
dog_plush_n5_r16_ts42__adapter__p06__gs22,dog_plush_n5_r16_ts42,dog_plush,p06,22,adapter,,16,5,0.03285021707415581,0.22378939390182495,,True,
dog_plush_n5_r16_ts42__adapter__p06__gs33,dog_plush_n5_r16_ts42,dog_plush,p06,33,adapter,,16,5,0.03285021707415581,0.22378939390182495,,True,
dog_plush_n5_r16_ts42__adapter__p06__gs44,dog_plush_n5_r16_ts42,dog_plush,p06,44,adapter,,16,5,0.03285021707415581,0.22378939390182495,,True,
dog_plush_n5_r16_ts42__adapter__p07__gs11,dog_plush_n5_r16_ts42,dog_plush,p07,11,adapter,,16,5,0.6583501696586609,0.28783494234085083,,True,
dog_plush_n5_r16_ts42__adapter__p07__gs22,dog_plush_n5_r16_ts42,dog_plush,p07,22,adapter,,16,5,0.4061336815357208,0.32514652609825134,,True,
dog_plush_n5_r16_ts42__adapter__p07__gs33,dog_plush_n5_r16_ts42,dog_plush,p07,33,adapter,,16,5,0.74573814868927,0.28906625509262085,,True,
dog_plush_n5_r16_ts42__adapter__p07__gs44,dog_plush_n5_r16_ts42,dog_plush,p07,44,adapter,,16,5,0.5949573516845703,0.297788143157959,,True,
dog_plush_n5_r16_ts42__adapter__p08__gs11,dog_plush_n5_r16_ts42,dog_plush,p08,11,adapter,,16,5,0.4868296980857849,0.39620357751846313,,True,
dog_plush_n5_r16_ts42__adapter__p08__gs22,dog_plush_n5_r16_ts42,dog_plush,p08,22,adapter,,16,5,0.033652663230895996,0.32063060998916626,,True,
dog_plush_n5_r16_ts42__adapter__p08__gs33,dog_plush_n5_r16_ts42,dog_plush,p08,33,adapter,,16,5,0.4975472092628479,0.3774632215499878,,True,
dog_plush_n5_r16_ts42__adapter__p08__gs44,dog_plush_n5_r16_ts42,dog_plush,p08,44,adapter,,16,5,0.43197283148765564,0.3720664978027344,,True,
dog_plush_n5_r16_ts42__base__p01__gs11,dog_plush_n5_r16_ts42,dog_plush,p01,11,base,,16,5,0.5247657299041748,0.30143672227859497,,True,
dog_plush_n5_r16_ts42__base__p01__gs22,dog_plush_n5_r16_ts42,dog_plush,p01,22,base,,16,5,0.6157854795455933,0.309146910905838,,True,
dog_plush_n5_r16_ts42__base__p01__gs33,dog_plush_n5_r16_ts42,dog_plush,p01,33,base,,16,5,0.6565473079681396,0.3117176592350006,,True,
dog_plush_n5_r16_ts42__base__p01__gs44,dog_plush_n5_r16_ts42,dog_plush,p01,44,base,,16,5,0.6852952837944031,0.3015364110469818,,True,
dog_plush_n5_r16_ts42__base__p02__gs11,dog_plush_n5_r16_ts42,dog_plush,p02,11,base,,16,5,0.5845444798469543,0.3068627715110779,,True,
dog_plush_n5_r16_ts42__base__p02__gs22,dog_plush_n5_r16_ts42,dog_plush,p02,22,base,,16,5,0.6104557514190674,0.2991622984409332,,True,
dog_plush_n5_r16_ts42__base__p02__gs33,dog_plush_n5_r16_ts42,dog_plush,p02,33,base,,16,5,0.64018315076828,0.30354392528533936,,True,
dog_plush_n5_r16_ts42__base__p02__gs44,dog_plush_n5_r16_ts42,dog_plush,p02,44,base,,16,5,0.704841136932373,0.31048429012298584,,True,
dog_plush_n5_r16_ts42__base__p03__gs11,dog_plush_n5_r16_ts42,dog_plush,p03,11,base,,16,5,0.5700266361236572,0.3310241103172302,,True,
dog_plush_n5_r16_ts42__base__p03__gs22,dog_plush_n5_r16_ts42,dog_plush,p03,22,base,,16,5,0.4986999034881592,0.3466685116291046,,True,
dog_plush_n5_r16_ts42__base__p03__gs33,dog_plush_n5_r16_ts42,dog_plush,p03,33,base,,16,5,0.5767961144447327,0.34237754344940186,,True,
dog_plush_n5_r16_ts42__base__p03__gs44,dog_plush_n5_r16_ts42,dog_plush,p03,44,base,,16,5,0.6101011037826538,0.34485507011413574,,True,
dog_plush_n5_r16_ts42__base__p04__gs11,dog_plush_n5_r16_ts42,dog_plush,p04,11,base,,16,5,0.5058535933494568,0.3322356939315796,,True,
dog_plush_n5_r16_ts42__base__p04__gs22,dog_plush_n5_r16_ts42,dog_plush,p04,22,base,,16,5,0.5019550323486328,0.32176724076271057,,True,
dog_plush_n5_r16_ts42__base__p04__gs33,dog_plush_n5_r16_ts42,dog_plush,p04,33,base,,16,5,0.6318584680557251,0.33230727910995483,,True,
dog_plush_n5_r16_ts42__base__p04__gs44,dog_plush_n5_r16_ts42,dog_plush,p04,44,base,,16,5,0.6202192902565002,0.29178646206855774,,True,
dog_plush_n5_r16_ts42__base__p05__gs11,dog_plush_n5_r16_ts42,dog_plush,p05,11,base,,16,5,0.6013168692588806,0.29723671078681946,,True,
dog_plush_n5_r16_ts42__base__p05__gs22,dog_plush_n5_r16_ts42,dog_plush,p05,22,base,,16,5,0.48792460560798645,0.30713576078414917,,True,
dog_plush_n5_r16_ts42__base__p05__gs33,dog_plush_n5_r16_ts42,dog_plush,p05,33,base,,16,5,0.5802440643310547,0.3318767249584198,,True,
dog_plush_n5_r16_ts42__base__p05__gs44,dog_plush_n5_r16_ts42,dog_plush,p05,44,base,,16,5,0.5899143218994141,0.3185540735721588,,True,
dog_plush_n5_r16_ts42__base__p06__gs11,dog_plush_n5_r16_ts42,dog_plush,p06,11,base,,16,5,0.6502273082733154,0.31744030117988586,,True,
dog_plush_n5_r16_ts42__base__p06__gs22,dog_plush_n5_r16_ts42,dog_plush,p06,22,base,,16,5,0.5963094234466553,0.3297384977340698,,True,
dog_plush_n5_r16_ts42__base__p06__gs33,dog_plush_n5_r16_ts42,dog_plush,p06,33,base,,16,5,0.6149721741676331,0.3218950927257538,,True,
dog_plush_n5_r16_ts42__base__p06__gs44,dog_plush_n5_r16_ts42,dog_plush,p06,44,base,,16,5,0.6773413419723511,0.31273871660232544,,True,
dog_plush_n5_r16_ts42__base__p07__gs11,dog_plush_n5_r16_ts42,dog_plush,p07,11,base,,16,5,0.555237889289856,0.32295748591423035,,True,
dog_plush_n5_r16_ts42__base__p07__gs22,dog_plush_n5_r16_ts42,dog_plush,p07,22,base,,16,5,0.4350912570953369,0.3119986355304718,,True,
dog_plush_n5_r16_ts42__base__p07__gs33,dog_plush_n5_r16_ts42,dog_plush,p07,33,base,,16,5,0.5598684549331665,0.31365862488746643,,True,
dog_plush_n5_r16_ts42__base__p07__gs44,dog_plush_n5_r16_ts42,dog_plush,p07,44,base,,16,5,0.5232027173042297,0.35279756784439087,,True,
dog_plush_n5_r16_ts42__base__p08__gs11,dog_plush_n5_r16_ts42,dog_plush,p08,11,base,,16,5,0.013958126306533813,0.30501747131347656,,True,
dog_plush_n5_r16_ts42__base__p08__gs22,dog_plush_n5_r16_ts42,dog_plush,p08,22,base,,16,5,0.4035794734954834,0.3472887873649597,,True,
dog_plush_n5_r16_ts42__base__p08__gs33,dog_plush_n5_r16_ts42,dog_plush,p08,33,base,,16,5,0.3391130864620209,0.35864102840423584,,True,
dog_plush_n5_r16_ts42__base__p08__gs44,dog_plush_n5_r16_ts42,dog_plush,p08,44,base,,16,5,0.2087920904159546,0.3523852229118347,,True,
dog_plush_n5_r32_ts42__adapter__p01__gs11,dog_plush_n5_r32_ts42,dog_plush,p01,11,adapter,,32,5,0.7548505067825317,0.29380548000335693,,True,
dog_plush_n5_r32_ts42__adapter__p01__gs22,dog_plush_n5_r32_ts42,dog_plush,p01,22,adapter,,32,5,0.6245472431182861,0.3023446500301361,,True,
dog_plush_n5_r32_ts42__adapter__p01__gs33,dog_plush_n5_r32_ts42,dog_plush,p01,33,adapter,,32,5,0.7657638788223267,0.3172094225883484,,True,
dog_plush_n5_r32_ts42__adapter__p01__gs44,dog_plush_n5_r32_ts42,dog_plush,p01,44,adapter,,32,5,0.03285021707415581,0.22834084928035736,,True,
dog_plush_n5_r32_ts42__adapter__p02__gs11,dog_plush_n5_r32_ts42,dog_plush,p02,11,adapter,,32,5,0.7275012135505676,0.2998500466346741,,True,
dog_plush_n5_r32_ts42__adapter__p02__gs22,dog_plush_n5_r32_ts42,dog_plush,p02,22,adapter,,32,5,0.6836872100830078,0.3116910457611084,,True,
dog_plush_n5_r32_ts42__adapter__p02__gs33,dog_plush_n5_r32_ts42,dog_plush,p02,33,adapter,,32,5,0.759933352470398,0.3161970376968384,,True,
dog_plush_n5_r32_ts42__adapter__p02__gs44,dog_plush_n5_r32_ts42,dog_plush,p02,44,adapter,,32,5,0.03285021707415581,0.2185465693473816,,True,
dog_plush_n5_r32_ts42__adapter__p03__gs11,dog_plush_n5_r32_ts42,dog_plush,p03,11,adapter,,32,5,0.5933055877685547,0.34339454770088196,,True,
dog_plush_n5_r32_ts42__adapter__p03__gs22,dog_plush_n5_r32_ts42,dog_plush,p03,22,adapter,,32,5,0.6720913052558899,0.30695584416389465,,True,
dog_plush_n5_r32_ts42__adapter__p03__gs33,dog_plush_n5_r32_ts42,dog_plush,p03,33,adapter,,32,5,0.7585750818252563,0.3133413791656494,,True,
dog_plush_n5_r32_ts42__adapter__p03__gs44,dog_plush_n5_r32_ts42,dog_plush,p03,44,adapter,,32,5,0.6962108612060547,0.3193010687828064,,True,
dog_plush_n5_r32_ts42__adapter__p04__gs11,dog_plush_n5_r32_ts42,dog_plush,p04,11,adapter,,32,5,0.7679064869880676,0.2936772108078003,,True,
dog_plush_n5_r32_ts42__adapter__p04__gs22,dog_plush_n5_r32_ts42,dog_plush,p04,22,adapter,,32,5,0.6875485777854919,0.2971147298812866,,True,
dog_plush_n5_r32_ts42__adapter__p04__gs33,dog_plush_n5_r32_ts42,dog_plush,p04,33,adapter,,32,5,0.7490719556808472,0.2909313142299652,,True,
dog_plush_n5_r32_ts42__adapter__p04__gs44,dog_plush_n5_r32_ts42,dog_plush,p04,44,adapter,,32,5,0.6588722467422485,0.28616687655448914,,True,
dog_plush_n5_r32_ts42__adapter__p05__gs11,dog_plush_n5_r32_ts42,dog_plush,p05,11,adapter,,32,5,0.03285021707415581,0.24340662360191345,,True,
dog_plush_n5_r32_ts42__adapter__p05__gs22,dog_plush_n5_r32_ts42,dog_plush,p05,22,adapter,,32,5,0.7562252283096313,0.3344498574733734,,True,
dog_plush_n5_r32_ts42__adapter__p05__gs33,dog_plush_n5_r32_ts42,dog_plush,p05,33,adapter,,32,5,0.7290712594985962,0.32253527641296387,,True,
dog_plush_n5_r32_ts42__adapter__p05__gs44,dog_plush_n5_r32_ts42,dog_plush,p05,44,adapter,,32,5,0.03285021707415581,0.24340662360191345,,True,
dog_plush_n5_r32_ts42__adapter__p06__gs11,dog_plush_n5_r32_ts42,dog_plush,p06,11,adapter,,32,5,0.03285021707415581,0.22378939390182495,,True,
dog_plush_n5_r32_ts42__adapter__p06__gs22,dog_plush_n5_r32_ts42,dog_plush,p06,22,adapter,,32,5,0.03285021707415581,0.22378939390182495,,True,
dog_plush_n5_r32_ts42__adapter__p06__gs33,dog_plush_n5_r32_ts42,dog_plush,p06,33,adapter,,32,5,0.7793641090393066,0.3420541286468506,,True,
dog_plush_n5_r32_ts42__adapter__p06__gs44,dog_plush_n5_r32_ts42,dog_plush,p06,44,adapter,,32,5,0.03285021707415581,0.22378939390182495,,True,
dog_plush_n5_r32_ts42__adapter__p07__gs11,dog_plush_n5_r32_ts42,dog_plush,p07,11,adapter,,32,5,0.03285021707415581,0.1941785216331482,,True,
dog_plush_n5_r32_ts42__adapter__p07__gs22,dog_plush_n5_r32_ts42,dog_plush,p07,22,adapter,,32,5,0.5214783549308777,0.27696046233177185,,True,
dog_plush_n5_r32_ts42__adapter__p07__gs33,dog_plush_n5_r32_ts42,dog_plush,p07,33,adapter,,32,5,0.7530795931816101,0.27311354875564575,,True,
dog_plush_n5_r32_ts42__adapter__p07__gs44,dog_plush_n5_r32_ts42,dog_plush,p07,44,adapter,,32,5,0.7255825400352478,0.25712764263153076,,True,
dog_plush_n5_r32_ts42__adapter__p08__gs11,dog_plush_n5_r32_ts42,dog_plush,p08,11,adapter,,32,5,0.41646808385849,0.35036391019821167,,True,
dog_plush_n5_r32_ts42__adapter__p08__gs22,dog_plush_n5_r32_ts42,dog_plush,p08,22,adapter,,32,5,0.49013614654541016,0.37119364738464355,,True,
dog_plush_n5_r32_ts42__adapter__p08__gs33,dog_plush_n5_r32_ts42,dog_plush,p08,33,adapter,,32,5,0.5420511364936829,0.3420659303665161,,True,
dog_plush_n5_r32_ts42__adapter__p08__gs44,dog_plush_n5_r32_ts42,dog_plush,p08,44,adapter,,32,5,0.3569895625114441,0.3756074905395508,,True,
dog_plush_n5_r32_ts42__base__p01__gs11,dog_plush_n5_r32_ts42,dog_plush,p01,11,base,,32,5,0.5247657299041748,0.30143672227859497,,True,
dog_plush_n5_r32_ts42__base__p01__gs22,dog_plush_n5_r32_ts42,dog_plush,p01,22,base,,32,5,0.6157854795455933,0.309146910905838,,True,
dog_plush_n5_r32_ts42__base__p01__gs33,dog_plush_n5_r32_ts42,dog_plush,p01,33,base,,32,5,0.6565473079681396,0.3117176592350006,,True,
dog_plush_n5_r32_ts42__base__p01__gs44,dog_plush_n5_r32_ts42,dog_plush,p01,44,base,,32,5,0.6852952837944031,0.3015364110469818,,True,
dog_plush_n5_r32_ts42__base__p02__gs11,dog_plush_n5_r32_ts42,dog_plush,p02,11,base,,32,5,0.5845444798469543,0.3068627715110779,,True,
dog_plush_n5_r32_ts42__base__p02__gs22,dog_plush_n5_r32_ts42,dog_plush,p02,22,base,,32,5,0.6104557514190674,0.2991622984409332,,True,
dog_plush_n5_r32_ts42__base__p02__gs33,dog_plush_n5_r32_ts42,dog_plush,p02,33,base,,32,5,0.64018315076828,0.30354392528533936,,True,
dog_plush_n5_r32_ts42__base__p02__gs44,dog_plush_n5_r32_ts42,dog_plush,p02,44,base,,32,5,0.704841136932373,0.31048429012298584,,True,
dog_plush_n5_r32_ts42__base__p03__gs11,dog_plush_n5_r32_ts42,dog_plush,p03,11,base,,32,5,0.5700266361236572,0.3310241103172302,,True,
dog_plush_n5_r32_ts42__base__p03__gs22,dog_plush_n5_r32_ts42,dog_plush,p03,22,base,,32,5,0.4986999034881592,0.3466685116291046,,True,
dog_plush_n5_r32_ts42__base__p03__gs33,dog_plush_n5_r32_ts42,dog_plush,p03,33,base,,32,5,0.5767961144447327,0.34237754344940186,,True,
dog_plush_n5_r32_ts42__base__p03__gs44,dog_plush_n5_r32_ts42,dog_plush,p03,44,base,,32,5,0.6101011037826538,0.34485507011413574,,True,
dog_plush_n5_r32_ts42__base__p04__gs11,dog_plush_n5_r32_ts42,dog_plush,p04,11,base,,32,5,0.5058535933494568,0.3322356939315796,,True,
dog_plush_n5_r32_ts42__base__p04__gs22,dog_plush_n5_r32_ts42,dog_plush,p04,22,base,,32,5,0.5019550323486328,0.32176724076271057,,True,
dog_plush_n5_r32_ts42__base__p04__gs33,dog_plush_n5_r32_ts42,dog_plush,p04,33,base,,32,5,0.6318584680557251,0.33230727910995483,,True,
dog_plush_n5_r32_ts42__base__p04__gs44,dog_plush_n5_r32_ts42,dog_plush,p04,44,base,,32,5,0.6202192902565002,0.29178646206855774,,True,
dog_plush_n5_r32_ts42__base__p05__gs11,dog_plush_n5_r32_ts42,dog_plush,p05,11,base,,32,5,0.6013168692588806,0.29723671078681946,,True,
dog_plush_n5_r32_ts42__base__p05__gs22,dog_plush_n5_r32_ts42,dog_plush,p05,22,base,,32,5,0.48792460560798645,0.30713576078414917,,True,
dog_plush_n5_r32_ts42__base__p05__gs33,dog_plush_n5_r32_ts42,dog_plush,p05,33,base,,32,5,0.5802440643310547,0.3318767249584198,,True,
dog_plush_n5_r32_ts42__base__p05__gs44,dog_plush_n5_r32_ts42,dog_plush,p05,44,base,,32,5,0.5899143218994141,0.3185540735721588,,True,
dog_plush_n5_r32_ts42__base__p06__gs11,dog_plush_n5_r32_ts42,dog_plush,p06,11,base,,32,5,0.6502273082733154,0.31744030117988586,,True,
dog_plush_n5_r32_ts42__base__p06__gs22,dog_plush_n5_r32_ts42,dog_plush,p06,22,base,,32,5,0.5963094234466553,0.3297384977340698,,True,
dog_plush_n5_r32_ts42__base__p06__gs33,dog_plush_n5_r32_ts42,dog_plush,p06,33,base,,32,5,0.6149721741676331,0.3218950927257538,,True,
dog_plush_n5_r32_ts42__base__p06__gs44,dog_plush_n5_r32_ts42,dog_plush,p06,44,base,,32,5,0.6773413419723511,0.31273871660232544,,True,
dog_plush_n5_r32_ts42__base__p07__gs11,dog_plush_n5_r32_ts42,dog_plush,p07,11,base,,32,5,0.555237889289856,0.32295748591423035,,True,
dog_plush_n5_r32_ts42__base__p07__gs22,dog_plush_n5_r32_ts42,dog_plush,p07,22,base,,32,5,0.4350912570953369,0.3119986355304718,,True,
dog_plush_n5_r32_ts42__base__p07__gs33,dog_plush_n5_r32_ts42,dog_plush,p07,33,base,,32,5,0.5598684549331665,0.31365862488746643,,True,
dog_plush_n5_r32_ts42__base__p07__gs44,dog_plush_n5_r32_ts42,dog_plush,p07,44,base,,32,5,0.5232027173042297,0.35279756784439087,,True,
dog_plush_n5_r32_ts42__base__p08__gs11,dog_plush_n5_r32_ts42,dog_plush,p08,11,base,,32,5,0.013958126306533813,0.30501747131347656,,True,
dog_plush_n5_r32_ts42__base__p08__gs22,dog_plush_n5_r32_ts42,dog_plush,p08,22,base,,32,5,0.4035794734954834,0.3472887873649597,,True,
dog_plush_n5_r32_ts42__base__p08__gs33,dog_plush_n5_r32_ts42,dog_plush,p08,33,base,,32,5,0.3391130864620209,0.35864102840423584,,True,
dog_plush_n5_r32_ts42__base__p08__gs44,dog_plush_n5_r32_ts42,dog_plush,p08,44,base,,32,5,0.2087920904159546,0.3523852229118347,,True,
dog_plush_n5_r4_ts42__adapter__p01__gs11,dog_plush_n5_r4_ts42,dog_plush,p01,11,adapter,,4,5,0.7552481293678284,0.30609840154647827,,True,
dog_plush_n5_r4_ts42__adapter__p01__gs22,dog_plush_n5_r4_ts42,dog_plush,p01,22,adapter,,4,5,0.03285021707415581,0.22834084928035736,,True,
dog_plush_n5_r4_ts42__adapter__p01__gs33,dog_plush_n5_r4_ts42,dog_plush,p01,33,adapter,,4,5,0.7158145904541016,0.3092178404331207,,True,
dog_plush_n5_r4_ts42__adapter__p01__gs44,dog_plush_n5_r4_ts42,dog_plush,p01,44,adapter,,4,5,0.7128037214279175,0.30949726700782776,,True,
dog_plush_n5_r4_ts42__adapter__p02__gs11,dog_plush_n5_r4_ts42,dog_plush,p02,11,adapter,,4,5,0.7414160966873169,0.30593448877334595,,True,
dog_plush_n5_r4_ts42__adapter__p02__gs22,dog_plush_n5_r4_ts42,dog_plush,p02,22,adapter,,4,5,0.03285021707415581,0.2185465693473816,,True,
dog_plush_n5_r4_ts42__adapter__p02__gs33,dog_plush_n5_r4_ts42,dog_plush,p02,33,adapter,,4,5,0.6481719613075256,0.31025218963623047,,True,
dog_plush_n5_r4_ts42__adapter__p02__gs44,dog_plush_n5_r4_ts42,dog_plush,p02,44,adapter,,4,5,0.7434892654418945,0.3154298961162567,,True,
dog_plush_n5_r4_ts42__adapter__p03__gs11,dog_plush_n5_r4_ts42,dog_plush,p03,11,adapter,,4,5,0.6847074031829834,0.32193490862846375,,True,
dog_plush_n5_r4_ts42__adapter__p03__gs22,dog_plush_n5_r4_ts42,dog_plush,p03,22,adapter,,4,5,0.7621245384216309,0.32995954155921936,,True,
dog_plush_n5_r4_ts42__adapter__p03__gs33,dog_plush_n5_r4_ts42,dog_plush,p03,33,adapter,,4,5,0.7229568958282471,0.30946752429008484,,True,
dog_plush_n5_r4_ts42__adapter__p03__gs44,dog_plush_n5_r4_ts42,dog_plush,p03,44,adapter,,4,5,0.694486677646637,0.3446938991546631,,True,
dog_plush_n5_r4_ts42__adapter__p04__gs11,dog_plush_n5_r4_ts42,dog_plush,p04,11,adapter,,4,5,0.03285021707415581,0.21699608862400055,,True,
dog_plush_n5_r4_ts42__adapter__p04__gs22,dog_plush_n5_r4_ts42,dog_plush,p04,22,adapter,,4,5,0.03285021707415581,0.21699608862400055,,True,
dog_plush_n5_r4_ts42__adapter__p04__gs33,dog_plush_n5_r4_ts42,dog_plush,p04,33,adapter,,4,5,0.03285021707415581,0.21699608862400055,,True,
dog_plush_n5_r4_ts42__adapter__p04__gs44,dog_plush_n5_r4_ts42,dog_plush,p04,44,adapter,,4,5,0.03285021707415581,0.21699608862400055,,True,
dog_plush_n5_r4_ts42__adapter__p05__gs11,dog_plush_n5_r4_ts42,dog_plush,p05,11,adapter,,4,5,0.7544176578521729,0.3444385826587677,,True,
dog_plush_n5_r4_ts42__adapter__p05__gs22,dog_plush_n5_r4_ts42,dog_plush,p05,22,adapter,,4,5,0.03285021707415581,0.24340662360191345,,True,
dog_plush_n5_r4_ts42__adapter__p05__gs33,dog_plush_n5_r4_ts42,dog_plush,p05,33,adapter,,4,5,0.6960523128509521,0.3161170184612274,,True,
dog_plush_n5_r4_ts42__adapter__p05__gs44,dog_plush_n5_r4_ts42,dog_plush,p05,44,adapter,,4,5,0.7506352066993713,0.32389354705810547,,True,
dog_plush_n5_r4_ts42__adapter__p06__gs11,dog_plush_n5_r4_ts42,dog_plush,p06,11,adapter,,4,5,0.03285021707415581,0.22378939390182495,,True,
dog_plush_n5_r4_ts42__adapter__p06__gs22,dog_plush_n5_r4_ts42,dog_plush,p06,22,adapter,,4,5,0.57206130027771,0.3472031354904175,,True,
dog_plush_n5_r4_ts42__adapter__p06__gs33,dog_plush_n5_r4_ts42,dog_plush,p06,33,adapter,,4,5,0.7448718547821045,0.34810078144073486,,True,
dog_plush_n5_r4_ts42__adapter__p06__gs44,dog_plush_n5_r4_ts42,dog_plush,p06,44,adapter,,4,5,0.7654860019683838,0.3467256426811218,,True,
dog_plush_n5_r4_ts42__adapter__p07__gs11,dog_plush_n5_r4_ts42,dog_plush,p07,11,adapter,,4,5,0.6155287027359009,0.2865391969680786,,True,
dog_plush_n5_r4_ts42__adapter__p07__gs22,dog_plush_n5_r4_ts42,dog_plush,p07,22,adapter,,4,5,0.27608758211135864,0.3143324851989746,,True,
dog_plush_n5_r4_ts42__adapter__p07__gs33,dog_plush_n5_r4_ts42,dog_plush,p07,33,adapter,,4,5,0.374683141708374,0.35105207562446594,,True,
dog_plush_n5_r4_ts42__adapter__p07__gs44,dog_plush_n5_r4_ts42,dog_plush,p07,44,adapter,,4,5,0.34114232659339905,0.33935120701789856,,True,
dog_plush_n5_r4_ts42__adapter__p08__gs11,dog_plush_n5_r4_ts42,dog_plush,p08,11,adapter,,4,5,0.31340861320495605,0.36132121086120605,,True,
dog_plush_n5_r4_ts42__adapter__p08__gs22,dog_plush_n5_r4_ts42,dog_plush,p08,22,adapter,,4,5,0.13951323926448822,0.3570760190486908,,True,
dog_plush_n5_r4_ts42__adapter__p08__gs33,dog_plush_n5_r4_ts42,dog_plush,p08,33,adapter,,4,5,0.3664703369140625,0.38660189509391785,,True,
dog_plush_n5_r4_ts42__adapter__p08__gs44,dog_plush_n5_r4_ts42,dog_plush,p08,44,adapter,,4,5,0.2558174729347229,0.36019620299339294,,True,
dog_plush_n5_r4_ts42__base__p01__gs11,dog_plush_n5_r4_ts42,dog_plush,p01,11,base,,4,5,0.5247657299041748,0.30143672227859497,,True,
dog_plush_n5_r4_ts42__base__p01__gs22,dog_plush_n5_r4_ts42,dog_plush,p01,22,base,,4,5,0.6157854795455933,0.309146910905838,,True,
dog_plush_n5_r4_ts42__base__p01__gs33,dog_plush_n5_r4_ts42,dog_plush,p01,33,base,,4,5,0.6565473079681396,0.3117176592350006,,True,
dog_plush_n5_r4_ts42__base__p01__gs44,dog_plush_n5_r4_ts42,dog_plush,p01,44,base,,4,5,0.6852952837944031,0.3015364110469818,,True,
dog_plush_n5_r4_ts42__base__p02__gs11,dog_plush_n5_r4_ts42,dog_plush,p02,11,base,,4,5,0.5845444798469543,0.3068627715110779,,True,
dog_plush_n5_r4_ts42__base__p02__gs22,dog_plush_n5_r4_ts42,dog_plush,p02,22,base,,4,5,0.6104557514190674,0.2991622984409332,,True,
dog_plush_n5_r4_ts42__base__p02__gs33,dog_plush_n5_r4_ts42,dog_plush,p02,33,base,,4,5,0.64018315076828,0.30354392528533936,,True,
dog_plush_n5_r4_ts42__base__p02__gs44,dog_plush_n5_r4_ts42,dog_plush,p02,44,base,,4,5,0.704841136932373,0.31048429012298584,,True,
dog_plush_n5_r4_ts42__base__p03__gs11,dog_plush_n5_r4_ts42,dog_plush,p03,11,base,,4,5,0.5700266361236572,0.3310241103172302,,True,
dog_plush_n5_r4_ts42__base__p03__gs22,dog_plush_n5_r4_ts42,dog_plush,p03,22,base,,4,5,0.4986999034881592,0.3466685116291046,,True,
dog_plush_n5_r4_ts42__base__p03__gs33,dog_plush_n5_r4_ts42,dog_plush,p03,33,base,,4,5,0.5767961144447327,0.34237754344940186,,True,
dog_plush_n5_r4_ts42__base__p03__gs44,dog_plush_n5_r4_ts42,dog_plush,p03,44,base,,4,5,0.6101011037826538,0.34485507011413574,,True,
dog_plush_n5_r4_ts42__base__p04__gs11,dog_plush_n5_r4_ts42,dog_plush,p04,11,base,,4,5,0.5058535933494568,0.3322356939315796,,True,
dog_plush_n5_r4_ts42__base__p04__gs22,dog_plush_n5_r4_ts42,dog_plush,p04,22,base,,4,5,0.5019550323486328,0.32176724076271057,,True,
dog_plush_n5_r4_ts42__base__p04__gs33,dog_plush_n5_r4_ts42,dog_plush,p04,33,base,,4,5,0.6318584680557251,0.33230727910995483,,True,
dog_plush_n5_r4_ts42__base__p04__gs44,dog_plush_n5_r4_ts42,dog_plush,p04,44,base,,4,5,0.6202192902565002,0.29178646206855774,,True,
dog_plush_n5_r4_ts42__base__p05__gs11,dog_plush_n5_r4_ts42,dog_plush,p05,11,base,,4,5,0.6013168692588806,0.29723671078681946,,True,
dog_plush_n5_r4_ts42__base__p05__gs22,dog_plush_n5_r4_ts42,dog_plush,p05,22,base,,4,5,0.48792460560798645,0.30713576078414917,,True,
dog_plush_n5_r4_ts42__base__p05__gs33,dog_plush_n5_r4_ts42,dog_plush,p05,33,base,,4,5,0.5802440643310547,0.3318767249584198,,True,
dog_plush_n5_r4_ts42__base__p05__gs44,dog_plush_n5_r4_ts42,dog_plush,p05,44,base,,4,5,0.5899143218994141,0.3185540735721588,,True,
dog_plush_n5_r4_ts42__base__p06__gs11,dog_plush_n5_r4_ts42,dog_plush,p06,11,base,,4,5,0.6502273082733154,0.31744030117988586,,True,
dog_plush_n5_r4_ts42__base__p06__gs22,dog_plush_n5_r4_ts42,dog_plush,p06,22,base,,4,5,0.5963094234466553,0.3297384977340698,,True,
dog_plush_n5_r4_ts42__base__p06__gs33,dog_plush_n5_r4_ts42,dog_plush,p06,33,base,,4,5,0.6149721741676331,0.3218950927257538,,True,
dog_plush_n5_r4_ts42__base__p06__gs44,dog_plush_n5_r4_ts42,dog_plush,p06,44,base,,4,5,0.6773413419723511,0.31273871660232544,,True,
dog_plush_n5_r4_ts42__base__p07__gs11,dog_plush_n5_r4_ts42,dog_plush,p07,11,base,,4,5,0.555237889289856,0.32295748591423035,,True,
dog_plush_n5_r4_ts42__base__p07__gs22,dog_plush_n5_r4_ts42,dog_plush,p07,22,base,,4,5,0.4350912570953369,0.3119986355304718,,True,
dog_plush_n5_r4_ts42__base__p07__gs33,dog_plush_n5_r4_ts42,dog_plush,p07,33,base,,4,5,0.5598684549331665,0.31365862488746643,,True,
dog_plush_n5_r4_ts42__base__p07__gs44,dog_plush_n5_r4_ts42,dog_plush,p07,44,base,,4,5,0.5232027173042297,0.35279756784439087,,True,
dog_plush_n5_r4_ts42__base__p08__gs11,dog_plush_n5_r4_ts42,dog_plush,p08,11,base,,4,5,0.013958126306533813,0.30501747131347656,,True,
dog_plush_n5_r4_ts42__base__p08__gs22,dog_plush_n5_r4_ts42,dog_plush,p08,22,base,,4,5,0.4035794734954834,0.3472887873649597,,True,
dog_plush_n5_r4_ts42__base__p08__gs33,dog_plush_n5_r4_ts42,dog_plush,p08,33,base,,4,5,0.3391130864620209,0.35864102840423584,,True,
dog_plush_n5_r4_ts42__base__p08__gs44,dog_plush_n5_r4_ts42,dog_plush,p08,44,base,,4,5,0.2087920904159546,0.3523852229118347,,True,
